AppointmentID,PatientID,DoctorID,DepartmentID,AppointmentDate,ScheduledTime,CheckInTime,ConsultationStart,ConsultationEnd,Status
1,255,1,1,2025-01-24,14:45,15:10,15:23,15:55,Completed
2,145,16,3,2025-06-02,15:30,15:26,15:32,16:09,Completed
3,136,24,4,2025-04-04,14:30,14:30,14:55,15:08,Completed
4,100,12,5,2025-05-22,12:00,12:44,13:16,13:54,Completed
5,144,20,5,2025-06-24,09:15,09:22,09:47,10:20,Completed
6,174,18,2,2025-04-04,10:15,,11:40,12:22,Completed
7,20,5,4,2025-03-27,15:45,15:59,16:37,17:19,Completed
8,477,20,5,2025-03-23,10:45,11:18,11:55,12:26,Completed
9,261,18,2,2025-05-06,12:45,12:42,13:05,13:36,Completed
10,214,19,1,2025-03-20,08:45,09:13,09:50,10:14,Completed
11,299,16,3,2025-02-13,16:45,16:58,17:13,17:25,Completed
12,359,4,5,2025-02-18,08:45,09:20,09:46,10:05,Completed
13,105,14,4,2025-05-09,15:00,15:12,15:45,16:08,Completed
14,340,16,3,2025-05-15,14:30,14:47,15:16,16:00,Completed
15,182,22,5,2025-06-24,12:45,13:04,13:19,13:46,Completed
16,116,10,4,2025-03-15,11:45,12:20,12:50,13:22,Completed
17,479,24,4,2025-03-12,12:00,,,,No Show
18,412,5,4,2025-03-16,08:30,08:35,08:57,09:35,Completed
19,383,16,3,2025-02-24,11:30,11:59,12:07,12:23,Completed
20,301,8,3,2025-03-04,08:15,08:39,08:42,08:58,Completed
21,368,16,3,2025-01-26,10:00,10:15,10:41,11:21,Completed
22,103,25,4,2025-03-15,13:30,13:32,13:37,14:01,Completed
23,371,2,6,2025-02-14,14:15,14:14,14:39,15:20,Completed
24,384,10,4,2025-01-10,08:30,08:38,08:59,09:27,Completed
25,329,18,2,2025-05-15,15:15,16:14,16:43,17:10,Completed
26,58,11,4,2025-02-11,15:30,15:48,15:48,16:19,Completed
27,291,22,5,2025-02-19,10:45,11:34,12:06,12:36,Completed
28,343,4,5,2025-02-17,10:45,11:21,11:36,11:46,Completed
29,121,15,5,2025-03-10,13:30,13:26,13:42,14:15,Completed
30,32,22,5,2025-01-31,15:30,,,,Cancelled
31,455,23,2,2025-03-21,09:30,10:12,10:51,11:15,Completed
32,69,16,3,2025-02-09,15:30,16:18,16:53,17:33,Completed
33,411,22,5,2025-02-25,11:00,11:52,12:25,12:58,Completed
34,289,4,5,2025-01-16,16:15,,,,Cancelled
35,227,4,5,2025-06-24,11:45,11:51,12:23,13:01,Completed
36,233,5,4,2025-05-12,14:45,14:47,15:22,16:01,Completed
37,158,24,4,2025-01-06,14:30,14:25,14:38,14:52,Completed
38,177,23,2,2025-01-17,16:00,16:03,16:33,16:45,Completed
39,93,25,4,2025-02-04,14:30,15:13,15:41,16:15,Completed
40,350,22,5,2025-05-19,10:30,10:40,10:51,11:35,Completed
41,66,24,4,2025-02-27,08:00,08:33,09:02,09:46,Completed
42,195,8,3,2025-03-05,15:30,,,,Cancelled
43,372,25,4,2025-01-29,08:45,08:42,08:57,09:20,Completed
44,305,2,6,2025-04-25,08:15,08:15,08:40,09:18,Completed
45,112,25,4,2025-01-15,10:30,10:54,11:30,12:00,Completed
46,396,22,5,2025-03-24,11:30,11:43,12:16,12:40,Completed
47,141,2,6,2025-05-23,10:45,,,,Cancelled
48,344,13,6,2025-05-15,13:45,14:32,14:41,15:10,Completed
49,387,18,2,2025-05-02,11:15,,,,Cancelled
50,288,14,4,2025-04-17,16:15,16:59,17:14,17:40,Completed
51,332,3,6,2025-04-26,13:00,13:19,13:22,13:49,Completed
52,310,20,5,2025-01-11,09:15,,,,Cancelled
53,171,10,4,2025-01-04,11:15,11:25,11:55,12:20,Completed
54,361,7,2,2025-04-12,11:30,12:01,12:25,13:04,Completed
55,184,10,4,2025-03-08,13:45,14:39,14:45,15:25,Completed
56,164,7,2,2025-04-05,13:45,13:45,14:21,14:45,Completed
57,9,9,6,2025-05-22,14:30,14:44,14:56,15:27,Completed
58,292,8,3,2025-05-08,16:30,16:57,17:28,18:09,Completed
59,376,12,5,2025-02-13,10:45,11:03,11:37,11:50,Completed
60,430,3,6,2025-06-21,08:00,08:47,08:55,09:19,Completed
61,78,1,1,2025-02-25,16:45,17:27,17:30,18:10,Completed
62,9,1,1,2025-05-17,16:45,16:41,16:42,17:25,Completed
63,275,10,4,2025-01-05,16:45,17:02,17:08,17:24,Completed
64,124,7,2,2025-06-08,16:30,17:10,17:27,18:02,Completed
65,492,13,6,2025-04-28,11:15,11:48,11:53,12:05,Completed
66,195,13,6,2025-05-22,15:00,14:56,15:06,15:21,Completed
67,223,21,2,2025-03-26,09:00,09:24,09:37,10:17,Completed
68,474,3,6,2025-06-25,12:00,,,,No Show
69,301,5,4,2025-04-12,09:30,09:45,10:21,10:46,Completed
70,435,13,6,2025-06-23,16:30,17:14,17:22,17:37,Completed
71,499,12,5,2025-01-14,09:45,10:09,10:13,10:44,Completed
72,315,20,5,2025-04-12,13:00,13:29,13:57,14:38,Completed
73,284,13,6,2025-04-21,10:45,10:50,11:29,11:57,Completed
74,366,3,6,2025-01-22,12:15,12:58,13:38,13:57,Completed
75,163,12,5,2025-01-28,09:00,09:34,10:02,10:35,Completed
76,53,5,4,2025-01-23,10:45,11:37,12:12,12:57,Completed
77,53,1,1,2025-01-23,13:00,13:36,14:00,14:10,Completed
78,199,25,4,2025-01-22,16:15,16:31,16:55,17:15,Completed
79,155,9,6,2025-05-07,10:00,10:16,10:43,11:10,Completed
80,248,3,6,2025-04-03,12:15,13:13,13:51,14:13,Completed
81,70,10,4,2025-01-02,14:30,15:13,15:34,16:12,Completed
82,418,21,2,2025-06-02,10:30,11:06,11:44,12:06,Completed
83,91,13,6,2025-03-23,12:45,13:11,13:31,14:05,Completed
84,403,13,6,2025-04-04,09:15,,,,No Show
85,237,23,2,2025-02-23,15:30,15:33,15:59,16:40,Completed
86,156,8,3,2025-03-06,10:45,,,,No Show
87,246,19,1,2025-04-13,16:45,16:44,17:07,17:51,Completed
88,469,3,6,2025-01-28,11:30,11:46,12:25,12:37,Completed
89,331,22,5,2025-06-15,14:30,15:20,15:26,15:36,Completed
90,114,17,1,2025-05-13,16:15,17:07,17:30,18:05,Completed
91,348,19,1,2025-06-26,16:15,16:54,16:55,17:35,Completed
92,213,3,6,2025-01-30,10:30,11:04,11:25,12:04,Completed
93,267,16,3,2025-03-31,15:00,15:51,16:19,16:49,Completed
94,23,23,2,2025-01-30,08:30,08:38,08:48,09:13,Completed
95,283,6,6,2025-03-26,16:45,17:39,17:53,18:28,Completed
96,96,21,2,2025-06-18,14:45,14:43,15:22,15:44,Completed
97,220,13,6,2025-01-02,11:15,11:45,11:49,12:05,Completed
98,275,6,6,2025-04-04,13:15,14:08,14:15,14:41,Completed
99,251,17,1,2025-06-13,13:45,14:30,15:07,15:24,Completed
100,433,15,5,2025-06-08,10:30,10:35,10:43,11:13,Completed
101,157,4,5,2025-02-16,13:15,14:15,14:39,15:15,Completed
102,295,13,6,2025-04-19,10:45,11:02,11:37,11:57,Completed
103,72,6,6,2025-03-22,15:00,15:40,15:40,16:21,Completed
104,418,13,6,2025-05-24,16:45,17:32,18:03,18:39,Completed
105,228,16,3,2025-02-12,09:00,09:23,09:41,09:53,Completed
106,276,10,4,2025-02-13,15:45,16:45,16:52,17:09,Completed
107,279,12,5,2025-05-19,08:45,09:07,09:34,09:50,Completed
108,335,25,4,2025-03-05,12:00,,,,Cancelled
109,45,15,5,2025-01-31,11:15,11:54,12:33,13:10,Completed
110,72,7,2,2025-02-22,08:30,09:00,09:38,10:22,Completed
111,361,10,4,2025-03-16,12:00,,,,No Show
112,444,21,2,2025-02-02,10:15,10:28,10:48,11:13,Completed
113,347,13,6,2025-05-06,10:30,11:18,11:42,12:20,Completed
114,407,25,4,2025-01-24,14:30,15:12,15:41,16:22,Completed
115,2,25,4,2025-01-24,15:30,15:33,16:07,16:42,Completed
116,220,7,2,2025-05-07,12:30,13:01,13:22,14:07,Completed
117,290,16,3,2025-03-29,08:00,08:07,08:47,09:26,Completed
118,476,6,6,2025-04-23,15:00,,,,Cancelled
119,155,6,6,2025-03-12,09:30,09:57,10:02,10:35,Completed
120,333,6,6,2025-01-14,14:30,14:54,15:21,15:36,Completed
121,1,7,2,2025-05-03,09:15,09:38,10:11,10:49,Completed
122,357,11,4,2025-01-31,14:15,15:11,15:15,15:39,Completed
123,375,4,5,2025-01-27,13:30,14:03,14:11,14:45,Completed
124,386,5,4,2025-06-14,10:00,09:56,10:35,10:55,Completed
125,370,7,2,2025-06-10,10:45,,,,Cancelled
126,72,25,4,2025-02-01,14:30,15:19,15:39,15:57,Completed
127,331,3,6,2025-03-05,16:30,16:28,16:47,17:10,Completed
128,261,7,2,2025-04-11,12:00,12:25,12:56,13:30,Completed
129,256,21,2,2025-06-02,09:00,09:41,10:01,10:19,Completed
130,430,19,1,2025-04-18,13:15,14:10,14:14,14:25,Completed
131,8,9,6,2025-02-25,08:00,08:45,09:17,09:45,Completed
132,257,25,4,2025-04-17,14:45,14:50,15:30,16:14,Completed
133,79,9,6,2025-01-22,12:00,13:00,13:13,13:32,Completed
134,201,19,1,2025-06-12,09:30,10:20,10:35,10:48,Completed
135,474,14,4,2025-01-30,15:00,15:34,15:45,16:02,Completed
136,71,23,2,2025-01-03,10:45,11:24,11:57,12:40,Completed
137,370,9,6,2025-02-12,13:15,13:44,13:51,14:02,Completed
138,220,9,6,2025-05-15,09:30,09:34,10:05,10:44,Completed
139,29,16,3,2025-05-26,10:30,,,,Cancelled
140,346,24,4,2025-01-30,11:00,11:00,11:00,11:25,Completed
141,187,13,6,2025-02-08,10:00,10:48,11:02,11:32,Completed
142,469,24,4,2025-03-23,12:00,12:42,12:49,13:31,Completed
143,27,6,6,2025-02-27,16:00,,,,Cancelled
144,397,10,4,2025-03-25,09:45,09:41,10:04,10:26,Completed
145,402,10,4,2025-06-09,11:45,,,,No Show
146,398,7,2,2025-05-20,11:15,11:10,11:36,11:47,Completed
147,178,21,2,2025-06-27,08:30,08:25,08:49,09:18,Completed
148,272,8,3,2025-04-18,15:00,15:13,15:30,15:45,Completed
149,119,17,1,2025-04-16,13:45,13:50,14:27,14:43,Completed
150,327,13,6,2025-01-20,08:45,08:56,09:11,09:39,Completed
151,162,13,6,2025-06-29,13:30,14:22,14:39,15:03,Completed
152,104,5,4,2025-05-30,09:15,09:23,09:33,10:11,Completed
153,209,4,5,2025-05-18,13:15,14:07,14:26,15:05,Completed
154,62,3,6,2025-02-10,12:00,12:22,12:42,13:01,Completed
155,128,12,5,2025-04-12,16:00,16:33,16:49,17:10,Completed
156,208,15,5,2025-05-23,16:15,16:22,16:51,17:07,Completed
157,72,4,5,2025-01-04,08:15,08:26,08:38,09:13,Completed
158,323,21,2,2025-01-22,12:00,,,,Cancelled
159,228,5,4,2025-01-24,13:00,13:00,13:29,13:42,Completed
160,294,14,4,2025-04-12,15:00,15:43,16:10,16:31,Completed
161,466,6,6,2025-03-12,12:45,12:59,13:01,13:26,Completed
162,256,14,4,2025-05-21,15:00,15:06,15:23,15:57,Completed
163,103,21,2,2025-05-15,11:00,11:43,12:05,12:45,Completed
164,249,12,5,2025-05-25,16:30,17:14,17:31,17:52,Completed
165,306,8,3,2025-01-08,12:00,12:55,13:28,14:00,Completed
166,120,6,6,2025-01-26,11:15,11:44,12:18,12:31,Completed
167,486,8,3,2025-05-28,14:30,14:47,14:58,15:23,Completed
168,413,24,4,2025-06-28,13:00,13:40,14:16,14:35,Completed
169,97,16,3,2025-05-19,12:15,13:12,13:14,13:29,Completed
170,309,8,3,2025-01-06,16:45,16:40,17:01,17:23,Completed
171,175,23,2,2025-02-15,13:00,12:57,13:06,13:25,Completed
172,434,17,1,2025-04-04,09:30,10:15,10:52,11:08,Completed
173,166,5,4,2025-02-10,14:45,15:20,15:31,16:16,Completed
174,476,20,5,2025-04-02,11:15,11:58,12:17,12:45,Completed
175,374,1,1,2025-06-29,14:00,,,,Cancelled
176,496,20,5,2025-02-26,09:45,09:58,10:19,10:33,Completed
177,164,6,6,2025-06-12,09:30,10:22,10:22,10:48,Completed
178,355,3,6,2025-03-31,12:00,11:55,11:58,12:32,Completed
179,215,6,6,2025-04-16,15:45,16:24,16:58,17:32,Completed
180,246,19,1,2025-06-16,11:15,12:07,12:11,12:23,Completed
181,164,9,6,2025-01-27,09:30,09:46,10:10,10:30,Completed
182,281,3,6,2025-03-28,15:00,15:50,16:00,16:37,Completed
183,52,11,4,2025-02-22,11:45,12:13,12:31,13:00,Completed
184,26,13,6,2025-05-27,16:45,16:59,17:02,17:35,Completed
185,45,10,4,2025-06-19,15:15,15:22,15:23,15:46,Completed
186,150,3,6,2025-05-02,09:30,,,,Cancelled
187,136,3,6,2025-06-14,16:45,17:03,17:26,18:00,Completed
188,229,2,6,2025-03-09,15:45,16:13,16:27,16:54,Completed
189,78,25,4,2025-06-28,09:00,,,,No Show
190,302,8,3,2025-05-22,08:45,09:33,10:07,10:47,Completed
191,121,16,3,2025-03-18,09:45,09:44,10:16,10:59,Completed
192,347,20,5,2025-02-07,09:45,10:02,10:12,10:35,Completed
193,65,2,6,2025-04-19,09:45,10:05,10:45,11:04,Completed
194,133,11,4,2025-01-18,09:45,,,,Cancelled
195,267,15,5,2025-01-04,16:45,16:54,17:20,17:39,Completed
196,302,19,1,2025-01-26,09:00,,,,Cancelled
197,136,13,6,2025-06-17,15:45,15:44,15:55,16:22,Completed
198,317,20,5,2025-06-24,14:00,14:45,15:06,15:31,Completed
199,244,9,6,2025-04-06,08:30,09:03,09:22,09:49,Completed
200,440,23,2,2025-06-25,09:15,09:27,09:46,10:24,Completed
201,165,9,6,2025-04-17,09:15,10:06,10:19,10:55,Completed
202,389,17,1,2025-04-06,08:15,08:18,08:37,09:19,Completed
203,400,17,1,2025-05-26,08:15,08:34,08:46,08:59,Completed
204,234,2,6,2025-04-03,11:30,12:12,12:41,13:23,Completed
205,473,4,5,2025-06-24,08:15,08:57,09:28,10:06,Completed
206,446,16,3,2025-05-31,16:30,17:09,17:19,17:45,Completed
207,353,3,6,2025-03-14,08:45,,,,Cancelled
208,332,8,3,2025-06-23,11:30,,,,Cancelled
209,496,25,4,2025-06-24,08:45,08:56,09:07,09:17,Completed
210,312,10,4,2025-06-14,12:45,13:28,13:50,14:29,Completed
211,239,10,4,2025-06-23,16:45,,,,No Show
212,495,12,5,2025-05-24,12:30,12:38,13:08,13:22,Completed
213,142,21,2,2025-03-25,12:30,13:03,13:15,13:34,Completed
214,124,2,6,2025-06-03,14:30,,,,No Show
215,133,14,4,2025-04-14,14:00,14:19,14:40,15:04,Completed
216,327,16,3,2025-06-21,13:30,13:46,14:21,14:42,Completed
217,242,5,4,2025-03-08,16:15,16:52,16:57,17:21,Completed
218,382,10,4,2025-04-18,13:30,13:58,14:35,15:03,Completed
219,61,16,3,2025-01-14,09:45,,,,Cancelled
220,196,17,1,2025-03-18,14:00,14:14,14:22,14:44,Completed
221,292,15,5,2025-02-06,13:15,13:20,13:51,14:22,Completed
222,91,11,4,2025-06-12,08:00,08:52,09:09,09:32,Completed
223,87,19,1,2025-02-10,15:00,15:11,15:50,16:27,Completed
224,207,14,4,2025-05-03,14:00,13:59,14:33,14:55,Completed
225,487,1,1,2025-03-24,16:15,16:12,16:12,16:37,Completed
226,450,12,5,2025-03-21,10:00,10:44,11:16,11:45,Completed
227,422,2,6,2025-03-18,12:45,13:23,13:50,14:08,Completed
228,462,16,3,2025-04-02,11:15,12:01,12:02,12:26,Completed
229,68,7,2,2025-01-06,16:15,16:25,16:48,17:00,Completed
230,328,9,6,2025-05-17,08:00,08:08,08:09,08:22,Completed
231,214,15,5,2025-04-08,09:30,10:25,10:34,10:57,Completed
232,323,1,1,2025-03-19,14:00,14:29,15:08,15:26,Completed
233,461,4,5,2025-05-11,09:30,09:39,09:45,10:26,Completed
234,103,25,4,2025-03-09,16:15,16:55,17:21,17:49,Completed
235,281,16,3,2025-02-23,15:30,15:55,15:55,16:05,Completed
236,465,4,5,2025-05-27,15:15,15:21,15:53,16:07,Completed
237,52,9,6,2025-06-14,11:45,12:17,12:33,13:12,Completed
238,417,6,6,2025-01-11,12:30,13:05,13:32,13:49,Completed
239,389,2,6,2025-01-03,10:15,,,,No Show
240,138,24,4,2025-01-24,13:30,13:48,13:55,14:30,Completed
241,234,9,6,2025-04-09,15:45,16:01,16:08,16:26,Completed
242,31,6,6,2025-01-27,14:45,15:36,15:47,16:21,Completed
243,314,1,1,2025-06-25,10:45,11:42,11:49,12:25,Completed
244,33,9,6,2025-06-17,13:00,13:23,13:44,14:27,Completed
245,359,20,5,2025-01-25,14:15,15:11,15:33,16:07,Completed
246,424,18,2,2025-06-06,08:00,,,,Cancelled
247,446,6,6,2025-01-20,15:30,15:55,16:16,16:43,Completed
248,115,18,2,2025-06-14,14:45,15:10,15:15,15:54,Completed
249,294,15,5,2025-01-23,15:45,16:20,16:27,17:08,Completed
250,10,4,5,2025-04-14,14:00,,,,Cancelled
251,288,7,2,2025-06-17,15:30,16:11,16:14,16:38,Completed
252,170,18,2,2025-06-08,15:30,16:22,16:29,16:45,Completed
253,114,1,1,2025-03-29,13:30,,,,Cancelled
254,253,5,4,2025-04-15,09:30,,,,Cancelled
255,202,7,2,2025-04-28,11:30,,,,Cancelled
256,429,22,5,2025-05-31,09:45,10:38,11:15,11:57,Completed
257,256,1,1,2025-05-16,08:45,09:41,10:13,10:34,Completed
258,89,24,4,2025-02-02,09:45,10:21,10:53,11:27,Completed
259,312,23,2,2025-03-05,12:45,13:23,13:41,14:19,Completed
260,71,14,4,2025-06-04,16:30,17:05,17:40,18:03,Completed
261,320,23,2,2025-03-16,13:15,13:32,14:04,14:48,Completed
262,166,23,2,2025-01-30,13:45,,,,Cancelled
263,217,1,1,2025-05-14,09:00,09:43,09:52,10:05,Completed
264,103,9,6,2025-02-11,12:30,12:43,12:46,13:14,Completed
265,278,2,6,2025-04-02,15:00,15:23,15:58,16:32,Completed
266,402,23,2,2025-03-15,08:45,,,,No Show
267,28,1,1,2025-03-06,11:45,12:08,12:48,13:21,Completed
268,280,24,4,2025-06-04,11:15,,,,No Show
269,39,6,6,2025-02-14,16:00,16:43,16:45,17:22,Completed
270,136,5,4,2025-02-11,12:00,12:37,13:06,13:25,Completed
271,476,11,4,2025-06-02,08:30,09:27,10:03,10:48,Completed
272,402,23,2,2025-03-23,16:15,16:33,17:06,17:20,Completed
273,82,14,4,2025-05-20,16:45,,,,Cancelled
274,340,11,4,2025-03-26,13:30,13:52,14:31,15:14,Completed
275,288,25,4,2025-06-16,08:00,,,,Cancelled
276,315,20,5,2025-03-04,08:30,09:13,09:20,09:54,Completed
277,371,10,4,2025-01-07,16:30,17:30,18:02,18:40,Completed
278,152,21,2,2025-02-19,13:00,13:07,13:17,14:01,Completed
279,321,3,6,2025-02-23,11:45,11:53,12:06,12:50,Completed
280,450,24,4,2025-04-22,09:15,09:13,09:42,10:13,Completed
281,38,2,6,2025-02-15,12:00,12:24,12:40,13:16,Completed
282,323,13,6,2025-04-21,13:00,13:44,13:51,14:35,Completed
283,369,20,5,2025-01-17,08:00,08:40,09:12,09:28,Completed
284,352,10,4,2025-06-05,09:30,10:21,10:45,11:20,Completed
285,16,16,3,2025-02-10,16:15,16:27,16:52,17:36,Completed
286,325,5,4,2025-03-18,13:00,13:13,13:20,13:32,Completed
287,306,13,6,2025-05-18,16:00,16:34,16:47,17:19,Completed
288,464,21,2,2025-05-12,10:15,10:33,10:47,11:13,Completed
289,93,22,5,2025-05-26,08:45,08:49,09:07,09:21,Completed
290,102,24,4,2025-05-29,15:30,16:10,16:18,16:43,Completed
291,318,3,6,2025-02-19,13:45,14:37,14:58,15:27,Completed
292,79,19,1,2025-05-26,13:30,14:19,14:29,14:39,Completed
293,403,8,3,2025-06-14,14:30,,,,Cancelled
294,237,15,5,2025-04-02,12:45,12:53,13:04,13:19,Completed
295,440,5,4,2025-05-18,11:30,11:34,11:38,11:49,Completed
296,324,1,1,2025-05-29,14:15,14:14,14:49,15:15,Completed
297,277,16,3,2025-06-17,10:30,11:15,11:29,11:57,Completed
298,257,17,1,2025-01-24,14:30,15:29,15:29,15:54,Completed
299,413,20,5,2025-06-25,10:15,11:07,11:17,11:38,Completed
300,290,22,5,2025-02-07,15:30,15:30,15:44,16:25,Completed
301,136,12,5,2025-03-01,08:15,,,,Cancelled
302,452,2,6,2025-01-11,13:00,13:30,13:46,14:30,Completed
303,193,21,2,2025-04-07,13:00,13:27,13:51,14:15,Completed
304,181,12,5,2025-05-05,15:00,15:59,16:07,16:45,Completed
305,40,17,1,2025-06-14,12:15,12:29,12:40,13:00,Completed
306,368,4,5,2025-06-19,11:45,12:22,12:29,13:09,Completed
307,246,7,2,2025-06-01,10:45,10:42,10:57,11:09,Completed
308,304,6,6,2025-02-04,16:00,16:13,16:16,16:36,Completed
309,93,17,1,2025-04-14,08:30,08:35,08:48,09:26,Completed
310,242,16,3,2025-02-13,11:45,11:58,12:35,12:56,Completed
311,262,9,6,2025-02-12,13:45,13:48,14:02,14:36,Completed
312,56,1,1,2025-02-21,16:45,16:59,17:37,17:53,Completed
313,462,20,5,2025-06-03,08:00,,,,Cancelled
314,277,1,1,2025-06-23,14:45,15:27,15:29,16:12,Completed
315,481,16,3,2025-04-08,13:00,13:49,13:57,14:23,Completed
316,120,3,6,2025-03-14,16:45,17:12,17:24,17:34,Completed
317,405,1,1,2025-05-28,16:00,15:55,16:19,16:42,Completed
318,162,14,4,2025-04-03,09:15,10:04,10:41,11:07,Completed
319,275,14,4,2025-05-25,13:30,14:15,14:28,15:04,Completed
320,286,16,3,2025-02-15,13:45,14:12,14:31,15:03,Completed
321,204,24,4,2025-02-05,09:15,10:07,10:17,10:33,Completed
322,206,11,4,2025-05-21,08:15,08:59,09:39,09:49,Completed
323,422,5,4,2025-05-01,14:00,14:03,14:19,14:43,Completed
324,312,2,6,2025-04-09,14:30,14:32,14:43,15:24,Completed
325,104,22,5,2025-05-13,12:15,12:14,12:52,13:34,Completed
326,119,20,5,2025-02-13,08:30,08:55,08:55,09:15,Completed
327,142,25,4,2025-04-13,13:45,14:31,15:08,15:30,Completed
328,378,23,2,2025-01-18,09:30,10:09,10:31,10:58,Completed
329,494,7,2,2025-04-27,14:00,14:28,14:39,15:15,Completed
330,287,3,6,2025-05-09,12:30,,,,Cancelled
331,417,19,1,2025-03-06,15:45,,,,No Show
332,235,22,5,2025-04-28,08:45,08:54,09:10,09:24,Completed
333,404,8,3,2025-06-23,11:30,12:17,12:39,13:22,Completed
334,359,9,6,2025-03-05,12:00,12:46,13:07,13:21,Completed
335,92,16,3,2025-03-22,13:15,13:44,13:55,14:17,Completed
336,103,8,3,2025-03-03,12:15,12:39,12:51,13:16,Completed
337,183,5,4,2025-01-28,09:00,09:58,10:37,10:47,Completed
338,278,2,6,2025-05-04,13:30,14:28,15:04,15:31,Completed
339,392,17,1,2025-03-13,14:15,14:26,14:29,15:12,Completed
340,245,18,2,2025-01-09,16:30,,,,No Show
341,358,17,1,2025-04-28,13:00,12:56,13:09,13:43,Completed
342,167,12,5,2025-06-06,12:15,12:43,12:58,13:25,Completed
343,314,11,4,2025-04-04,10:45,11:34,11:47,12:23,Completed
344,191,12,5,2025-04-13,12:45,,,,No Show
345,352,8,3,2025-01-26,12:15,13:05,13:29,13:51,Completed
346,492,24,4,2025-02-08,15:00,15:17,15:43,16:24,Completed
347,458,21,2,2025-05-13,16:30,17:27,17:46,18:12,Completed
348,291,2,6,2025-04-12,09:15,09:17,09:30,09:56,Completed
349,323,4,5,2025-04-26,13:30,14:11,14:34,15:19,Completed
350,415,9,6,2025-03-30,08:45,08:55,09:17,09:39,Completed
351,333,21,2,2025-05-18,10:30,11:10,11:30,12:12,Completed
352,378,15,5,2025-01-21,14:30,,,,Cancelled
353,328,11,4,2025-04-18,14:00,14:05,14:15,14:46,Completed
354,163,21,2,2025-03-16,12:45,13:14,13:42,14:15,Completed
355,267,15,5,2025-04-16,10:15,10:12,10:20,10:45,Completed
356,482,24,4,2025-06-29,09:15,09:31,09:56,10:12,Completed
357,480,16,3,2025-05-21,08:00,08:45,09:18,09:33,Completed
358,317,5,4,2025-01-22,14:30,14:54,15:09,15:37,Completed
359,65,5,4,2025-05-15,10:00,,,,Cancelled
360,240,18,2,2025-03-11,16:45,16:57,17:31,17:52,Completed
361,234,21,2,2025-06-12,14:30,15:09,15:39,16:23,Completed
362,46,15,5,2025-03-20,13:45,14:13,14:22,14:51,Completed
363,268,25,4,2025-02-04,13:30,14:25,14:59,15:09,Completed
364,252,25,4,2025-05-03,12:00,12:50,13:08,13:32,Completed
365,281,12,5,2025-02-18,14:45,15:30,15:45,16:05,Completed
366,331,13,6,2025-04-07,11:30,11:35,12:02,12:27,Completed
367,410,20,5,2025-06-27,12:30,,,,Cancelled
368,94,5,4,2025-03-16,09:45,10:37,10:54,11:35,Completed
369,10,5,4,2025-01-13,16:00,16:18,16:24,16:52,Completed
370,367,15,5,2025-01-03,11:00,11:14,11:14,11:55,Completed
371,216,10,4,2025-05-08,13:45,13:44,14:05,14:20,Completed
372,488,5,4,2025-01-15,12:45,12:49,13:23,14:03,Completed
373,459,9,6,2025-04-08,08:00,08:26,08:50,09:28,Completed
374,18,7,2,2025-04-28,09:15,,,,Cancelled
375,82,21,2,2025-01-11,16:00,16:27,16:57,17:26,Completed
376,455,2,6,2025-06-20,11:00,11:25,12:05,12:42,Completed
377,86,9,6,2025-05-30,09:45,10:11,10:11,10:23,Completed
378,354,16,3,2025-06-26,10:30,10:36,10:51,11:11,Completed
379,352,20,5,2025-03-28,08:00,08:40,08:49,09:33,Completed
380,65,16,3,2025-03-01,13:30,14:21,14:33,14:44,Completed
381,184,24,4,2025-02-04,12:00,12:57,13:25,14:10,Completed
382,357,16,3,2025-02-18,10:30,,,,Cancelled
383,307,18,2,2025-02-11,09:15,10:07,10:25,10:51,Completed
384,233,1,1,2025-06-13,16:45,17:03,17:04,17:37,Completed
385,123,11,4,2025-01-17,16:45,17:04,17:37,18:18,Completed
386,79,20,5,2025-03-14,13:45,14:21,14:28,14:44,Completed
387,35,2,6,2025-02-03,10:00,10:20,10:26,11:07,Completed
388,17,19,1,2025-06-14,14:45,15:12,15:15,15:48,Completed
389,368,3,6,2025-01-04,11:45,11:50,12:19,12:32,Completed
390,381,14,4,2025-04-05,08:30,08:30,08:34,09:03,Completed
391,111,17,1,2025-01-25,09:15,09:59,10:11,10:33,Completed
392,128,19,1,2025-06-10,10:45,10:53,11:33,12:05,Completed
393,360,22,5,2025-04-20,09:15,09:33,10:08,10:43,Completed
394,337,6,6,2025-05-17,15:30,16:05,16:40,17:10,Completed
395,212,25,4,2025-06-12,14:30,14:55,15:31,16:15,Completed
396,393,18,2,2025-03-07,13:45,14:37,15:02,15:12,Completed
397,146,20,5,2025-01-05,16:15,,,,No Show
398,110,11,4,2025-01-06,12:15,12:22,12:24,13:03,Completed
399,71,9,6,2025-04-04,11:15,11:42,12:01,12:16,Completed
400,292,7,2,2025-01-20,13:45,14:02,14:33,14:49,Completed
401,154,2,6,2025-05-28,14:00,,,,Cancelled
402,223,14,4,2025-01-31,11:00,11:43,11:46,12:15,Completed
403,164,18,2,2025-05-25,10:30,11:29,11:43,12:02,Completed
404,375,13,6,2025-04-25,16:00,16:23,16:50,17:18,Completed
405,76,5,4,2025-03-28,09:45,09:46,10:21,10:56,Completed
406,205,17,1,2025-04-22,10:15,11:11,11:46,12:08,Completed
407,334,19,1,2025-02-20,16:15,16:41,16:45,17:12,Completed
408,166,22,5,2025-05-28,09:00,09:47,10:14,10:47,Completed
409,165,12,5,2025-06-02,08:30,08:46,09:08,09:46,Completed
410,226,2,6,2025-03-01,11:30,11:44,11:49,12:06,Completed
411,125,20,5,2025-02-07,12:00,12:38,12:45,13:14,Completed
412,12,11,4,2025-02-23,16:15,16:36,17:10,17:53,Completed
413,281,16,3,2025-06-09,10:00,10:43,11:20,12:03,Completed
414,88,2,6,2025-03-14,11:30,11:31,12:00,12:10,Completed
415,339,9,6,2025-06-19,13:00,12:57,13:15,13:49,Completed
416,195,17,1,2025-01-26,13:45,13:51,14:02,14:24,Completed
417,235,18,2,2025-01-06,08:15,08:49,09:10,09:51,Completed
418,81,1,1,2025-03-30,13:30,14:03,14:18,15:00,Completed
419,32,21,2,2025-03-07,14:00,14:30,14:44,15:03,Completed
420,202,22,5,2025-02-05,09:45,10:09,10:35,11:00,Completed
421,219,10,4,2025-06-04,13:45,13:56,14:09,14:27,Completed
422,351,7,2,2025-02-05,12:15,13:05,13:14,13:34,Completed
423,286,18,2,2025-01-31,10:30,,,,Cancelled
424,212,14,4,2025-03-19,15:30,15:44,15:56,16:12,Completed
425,14,25,4,2025-06-06,12:15,12:39,12:53,13:04,Completed
426,353,25,4,2025-05-03,10:45,11:27,11:38,12:12,Completed
427,71,6,6,2025-02-19,11:00,,,,No Show
428,114,24,4,2025-06-21,11:15,,,,Cancelled
429,251,23,2,2025-03-25,15:15,16:04,16:29,16:41,Completed
430,423,13,6,2025-03-22,14:00,14:08,14:36,15:15,Completed
431,22,8,3,2025-05-13,16:45,16:45,17:20,17:54,Completed
432,323,2,6,2025-02-18,12:45,13:30,13:49,14:17,Completed
433,217,10,4,2025-06-06,08:15,09:09,09:37,09:52,Completed
434,58,6,6,2025-05-30,16:15,17:00,17:26,17:56,Completed
435,92,15,5,2025-06-01,11:45,11:51,12:07,12:37,Completed
436,465,23,2,2025-02-11,09:00,09:09,09:37,10:10,Completed
437,363,13,6,2025-05-11,10:45,,,,Cancelled
438,290,22,5,2025-02-08,10:15,10:32,10:35,11:11,Completed
439,374,25,4,2025-04-25,12:15,12:25,12:33,12:55,Completed
440,392,9,6,2025-01-04,15:45,16:43,17:17,17:27,Completed
441,253,8,3,2025-02-25,15:45,16:32,17:00,17:15,Completed
442,4,8,3,2025-05-21,12:15,12:16,12:27,12:46,Completed
443,179,2,6,2025-02-07,08:30,09:07,09:12,09:25,Completed
444,92,6,6,2025-06-22,12:15,,,,Cancelled
445,48,25,4,2025-03-18,13:30,14:13,14:17,14:54,Completed
446,34,10,4,2025-05-01,10:00,10:30,10:51,11:34,Completed
447,108,23,2,2025-02-23,08:00,08:06,08:36,09:04,Completed
448,435,11,4,2025-03-08,16:30,16:41,17:20,18:01,Completed
449,324,16,3,2025-05-07,10:15,10:47,10:59,11:09,Completed
450,239,21,2,2025-01-31,11:45,12:32,12:34,13:05,Completed
451,413,21,2,2025-02-24,08:15,08:46,09:02,09:16,Completed
452,260,18,2,2025-03-24,08:00,08:37,08:58,09:33,Completed
453,316,1,1,2025-02-14,11:30,12:08,12:38,13:18,Completed
454,331,5,4,2025-05-04,10:45,,,,Cancelled
455,29,17,1,2025-03-18,13:00,13:21,13:57,14:28,Completed
456,455,12,5,2025-01-17,10:30,10:28,10:49,11:23,Completed
457,432,6,6,2025-05-27,14:15,14:24,14:43,15:13,Completed
458,140,14,4,2025-01-23,15:15,15:57,16:25,16:54,Completed
459,155,6,6,2025-01-29,13:00,13:20,13:25,14:03,Completed
460,410,16,3,2025-05-09,10:15,10:53,11:23,12:06,Completed
461,168,5,4,2025-01-26,16:15,16:36,16:38,17:17,Completed
462,443,17,1,2025-01-30,08:30,08:30,09:08,09:23,Completed
463,456,2,6,2025-01-27,16:30,16:27,17:03,17:32,Completed
464,108,11,4,2025-02-21,11:30,12:00,12:34,13:04,Completed
465,344,4,5,2025-03-11,10:15,,,,No Show
466,287,17,1,2025-01-27,11:30,,,,Cancelled
467,412,10,4,2025-05-27,11:15,11:19,11:38,12:09,Completed
468,26,5,4,2025-01-08,15:00,15:08,15:32,15:45,Completed
469,201,6,6,2025-06-30,15:30,16:04,16:25,16:47,Completed
470,344,18,2,2025-01-21,15:15,15:21,15:50,16:06,Completed
471,351,21,2,2025-04-30,15:15,,,,Cancelled
472,201,6,6,2025-06-29,13:30,14:23,14:54,15:05,Completed
473,58,12,5,2025-05-03,15:15,15:46,16:08,16:26,Completed
474,208,23,2,2025-01-28,13:00,13:33,14:07,14:46,Completed
475,212,8,3,2025-06-08,11:15,12:11,12:35,12:49,Completed
476,417,23,2,2025-06-01,14:45,15:23,15:57,16:22,Completed
477,343,3,6,2025-05-27,15:00,15:54,16:14,16:59,Completed
478,228,6,6,2025-03-20,14:00,14:08,14:46,15:20,Completed
479,331,22,5,2025-01-16,09:15,09:27,10:04,10:14,Completed
480,339,5,4,2025-04-26,16:30,17:14,17:53,18:31,Completed
481,349,11,4,2025-03-18,12:45,13:24,13:29,13:39,Completed
482,262,13,6,2025-02-02,12:00,12:42,13:17,13:30,Completed
483,287,12,5,2025-01-29,12:00,12:25,12:52,13:27,Completed
484,365,13,6,2025-04-14,14:45,15:07,15:18,15:58,Completed
485,285,13,6,2025-04-03,14:15,14:46,14:54,15:12,Completed
486,332,1,1,2025-02-06,15:45,15:57,16:02,16:20,Completed
487,213,15,5,2025-06-28,14:15,15:08,15:40,16:17,Completed
488,231,13,6,2025-04-01,11:15,12:04,12:42,12:52,Completed
489,434,24,4,2025-03-02,16:30,17:17,17:51,18:24,Completed
490,20,19,1,2025-05-04,13:00,13:56,14:01,14:20,Completed
491,270,25,4,2025-03-13,15:00,15:06,15:21,16:01,Completed
492,340,22,5,2025-01-20,16:30,16:31,16:52,17:36,Completed
493,241,15,5,2025-05-12,15:30,16:18,16:40,17:08,Completed
494,19,23,2,2025-06-02,12:30,12:32,13:12,13:52,Completed
495,294,2,6,2025-06-18,12:00,12:31,13:02,13:17,Completed
496,40,9,6,2025-03-06,10:30,11:00,11:16,11:26,Completed
497,310,6,6,2025-06-01,10:45,11:27,11:38,12:04,Completed
498,121,16,3,2025-02-16,16:00,16:38,16:43,17:02,Completed
499,421,5,4,2025-05-07,14:45,15:10,15:38,15:58,Completed
500,376,12,5,2025-01-14,12:00,12:01,12:11,12:50,Completed
501,155,16,3,2025-05-17,11:45,12:29,12:59,13:25,Completed
502,446,14,4,2025-01-04,12:45,13:28,13:48,14:31,Completed
503,22,4,5,2025-05-17,13:45,14:14,14:35,15:02,Completed
504,51,9,6,2025-06-17,14:45,15:10,15:47,16:09,Completed
505,347,23,2,2025-02-16,13:00,12:56,13:00,13:10,Completed
506,269,4,5,2025-06-25,15:30,15:53,16:11,16:37,Completed
507,13,20,5,2025-01-24,08:15,,,,Cancelled
508,67,13,6,2025-06-18,10:00,10:18,10:34,11:02,Completed
509,480,3,6,2025-06-13,15:30,16:19,16:39,17:05,Completed
510,38,9,6,2025-01-16,14:45,,,,No Show
511,136,6,6,2025-04-23,09:45,10:05,10:44,11:19,Completed
512,252,4,5,2025-02-06,16:45,,,,Cancelled
513,367,9,6,2025-01-27,08:00,08:04,08:40,09:06,Completed
514,10,16,3,2025-02-08,08:00,08:44,09:01,09:20,Completed
515,464,13,6,2025-05-28,08:45,09:41,10:08,10:43,Completed
516,400,3,6,2025-05-19,11:00,11:44,12:14,12:31,Completed
517,479,12,5,2025-03-27,12:45,12:47,13:27,13:42,Completed
518,437,11,4,2025-01-21,15:30,15:50,16:01,16:46,Completed
519,197,22,5,2025-02-18,12:45,12:53,13:33,14:05,Completed
520,454,21,2,2025-04-23,11:15,11:14,11:26,11:37,Completed
521,304,8,3,2025-05-06,14:00,,,,No Show
522,416,15,5,2025-01-05,08:30,08:32,08:53,09:05,Completed
523,109,21,2,2025-06-20,16:45,,,,Cancelled
524,19,24,4,2025-02-06,15:00,15:55,16:34,16:46,Completed
525,333,5,4,2025-01-04,10:00,10:34,10:40,11:19,Completed
526,428,19,1,2025-01-17,09:00,09:58,10:36,11:00,Completed
527,104,14,4,2025-03-28,14:30,14:40,15:16,16:00,Completed
528,429,7,2,2025-01-12,10:30,10:33,10:40,11:07,Completed
529,213,6,6,2025-06-28,13:15,14:06,14:21,14:33,Completed
530,406,21,2,2025-06-06,14:15,14:12,14:43,14:58,Completed
531,92,3,6,2025-06-30,12:45,13:40,13:48,14:11,Completed
532,139,17,1,2025-04-26,14:15,14:32,15:11,15:23,Completed
533,368,16,3,2025-06-06,09:30,10:09,10:35,10:45,Completed
534,99,4,5,2025-05-16,09:30,10:29,10:43,11:22,Completed
535,338,7,2,2025-03-12,08:15,08:24,08:33,09:13,Completed
536,82,22,5,2025-01-12,08:30,09:01,09:14,09:51,Completed
537,316,25,4,2025-04-27,08:00,08:01,08:35,08:56,Completed
538,15,16,3,2025-05-12,09:00,09:25,09:53,10:23,Completed
539,383,22,5,2025-03-25,11:00,11:36,11:50,12:06,Completed
540,212,7,2,2025-04-07,11:00,11:55,12:32,13:13,Completed
541,224,5,4,2025-02-25,15:15,15:59,16:22,16:40,Completed
542,100,21,2,2025-04-02,12:15,12:52,13:00,13:12,Completed
543,31,9,6,2025-02-04,09:45,10:38,11:04,11:24,Completed
544,113,10,4,2025-06-04,10:15,,,,Cancelled
545,251,7,2,2025-06-01,15:45,16:15,16:15,16:52,Completed
546,127,8,3,2025-03-25,14:15,14:29,15:05,15:15,Completed
547,23,2,6,2025-05-01,16:00,16:49,17:22,17:57,Completed
548,409,23,2,2025-01-26,15:45,16:10,16:15,17:00,Completed
549,355,24,4,2025-04-15,11:15,11:55,12:13,12:38,Completed
550,47,1,1,2025-05-03,12:15,,,,No Show
551,238,25,4,2025-02-05,14:15,14:57,15:37,16:16,Completed
552,1,21,2,2025-01-19,14:30,14:29,14:47,15:24,Completed
553,358,20,5,2025-05-19,11:00,,,,Cancelled
554,346,12,5,2025-01-14,09:45,10:26,10:55,11:07,Completed
555,90,21,2,2025-05-24,09:15,09:27,09:48,10:13,Completed
556,333,16,3,2025-05-29,11:15,11:51,12:13,12:40,Completed
557,217,9,6,2025-01-14,09:30,10:09,10:37,11:18,Completed
558,425,4,5,2025-05-01,16:30,17:22,18:01,18:34,Completed
559,485,23,2,2025-01-17,11:45,,,,Cancelled
560,148,3,6,2025-01-28,10:30,10:39,10:48,11:29,Completed
561,105,17,1,2025-06-10,08:30,09:18,09:52,10:10,Completed
562,216,15,5,2025-06-15,08:30,,,,Cancelled
563,119,17,1,2025-06-15,13:45,14:23,14:43,15:24,Completed
564,357,17,1,2025-05-21,15:45,,,,Cancelled
565,157,6,6,2025-03-08,11:45,12:27,12:45,12:58,Completed
566,146,15,5,2025-02-12,10:30,10:48,10:59,11:18,Completed
567,60,2,6,2025-03-23,10:45,11:13,11:36,11:57,Completed
568,363,2,6,2025-06-20,13:30,13:43,14:06,14:44,Completed
569,84,18,2,2025-03-19,09:00,,,,Cancelled
570,476,11,4,2025-02-09,08:30,,,,No Show
571,387,19,1,2025-06-20,10:45,,,,Cancelled
572,72,22,5,2025-05-22,09:30,09:28,09:53,10:17,Completed
573,48,11,4,2025-01-15,11:15,11:45,11:57,12:08,Completed
574,435,15,5,2025-06-23,09:45,10:04,10:35,11:05,Completed
575,262,2,6,2025-06-20,13:45,13:58,14:25,14:58,Completed
576,7,10,4,2025-03-30,13:30,14:22,14:57,15:12,Completed
577,455,15,5,2025-04-17,15:30,15:45,16:12,16:48,Completed
578,301,20,5,2025-01-23,10:15,,,,No Show
579,34,19,1,2025-04-07,09:00,09:47,10:27,10:54,Completed
580,285,15,5,2025-05-26,10:15,10:33,10:57,11:25,Completed
581,22,10,4,2025-05-30,12:45,13:39,13:53,14:04,Completed
582,79,9,6,2025-03-18,15:00,15:31,15:57,16:18,Completed
583,353,21,2,2025-03-04,08:00,08:30,09:01,09:15,Completed
584,186,19,1,2025-05-04,14:30,15:25,15:32,16:05,Completed
585,295,1,1,2025-03-08,10:00,,,,Cancelled
586,70,12,5,2025-02-11,08:30,09:11,09:37,10:09,Completed
587,150,17,1,2025-06-13,09:15,09:33,09:39,09:59,Completed
588,447,11,4,2025-06-25,12:30,13:11,13:17,14:01,Completed
589,422,5,4,2025-01-04,10:30,11:12,11:43,12:19,Completed
590,467,6,6,2025-01-27,11:15,12:14,12:28,12:50,Completed
591,287,20,5,2025-06-26,16:00,16:48,17:17,17:31,Completed
592,68,1,1,2025-05-03,13:30,,,,Cancelled
593,306,17,1,2025-03-29,10:30,10:28,10:35,10:59,Completed
594,356,5,4,2025-06-26,11:30,,,,No Show
595,218,23,2,2025-01-29,09:00,09:56,10:23,10:35,Completed
596,17,22,5,2025-05-12,08:45,08:55,09:11,09:23,Completed
597,342,1,1,2025-01-25,09:15,09:35,09:46,10:18,Completed
598,75,24,4,2025-03-13,13:30,13:45,14:17,14:42,Completed
599,35,4,5,2025-05-29,08:15,,,,Cancelled
600,276,1,1,2025-01-26,11:45,12:26,13:03,13:24,Completed
601,491,4,5,2025-02-16,13:45,14:34,14:47,15:29,Completed
602,58,25,4,2025-03-22,09:45,09:54,10:27,10:45,Completed
603,185,23,2,2025-03-15,16:00,16:05,16:25,17:06,Completed
604,146,15,5,2025-06-03,12:45,13:08,13:43,14:19,Completed
605,438,14,4,2025-02-18,09:45,,,,No Show
606,252,22,5,2025-01-27,14:45,14:50,14:57,15:16,Completed
607,356,19,1,2025-01-27,10:00,10:41,10:53,11:24,Completed
608,433,13,6,2025-02-01,11:45,12:43,13:00,13:27,Completed
609,411,21,2,2025-04-13,13:45,14:31,15:02,15:44,Completed
610,394,15,5,2025-01-28,09:30,10:27,10:58,11:22,Completed
611,69,1,1,2025-01-26,08:00,08:58,08:59,09:20,Completed
612,348,11,4,2025-02-09,12:00,12:04,12:37,13:18,Completed
613,104,10,4,2025-06-19,15:45,16:44,17:00,17:44,Completed
614,441,18,2,2025-05-20,08:00,08:50,08:57,09:31,Completed
615,437,13,6,2025-04-24,15:00,14:59,15:10,15:55,Completed
616,400,10,4,2025-06-30,10:45,11:35,11:43,12:12,Completed
617,250,25,4,2025-01-29,15:45,16:40,17:15,17:35,Completed
618,201,9,6,2025-05-07,14:30,15:01,15:21,15:34,Completed
619,24,5,4,2025-04-04,13:00,13:38,14:02,14:18,Completed
620,183,14,4,2025-03-31,08:15,08:41,08:56,09:25,Completed
621,467,23,2,2025-01-17,12:00,12:38,12:48,12:59,Completed
622,20,15,5,2025-06-18,14:45,15:14,15:15,15:55,Completed
623,163,13,6,2025-05-27,14:30,14:37,15:08,15:24,Completed
624,106,11,4,2025-05-08,16:30,16:46,17:25,17:54,Completed
625,224,7,2,2025-05-08,09:15,09:46,10:02,10:15,Completed
626,294,13,6,2025-02-27,09:00,09:38,09:55,10:09,Completed
627,272,16,3,2025-04-20,11:30,11:34,11:53,12:35,Completed
628,222,22,5,2025-05-19,13:15,14:03,14:28,14:54,Completed
629,233,22,5,2025-05-21,10:00,10:18,10:54,11:35,Completed
630,493,24,4,2025-04-30,12:45,12:47,13:20,13:42,Completed
631,76,8,3,2025-02-08,12:45,13:32,13:52,14:06,Completed
632,434,14,4,2025-03-10,12:15,12:42,13:20,13:45,Completed
633,59,5,4,2025-02-19,08:15,08:49,09:18,09:59,Completed
634,224,14,4,2025-06-15,08:15,08:30,08:47,09:05,Completed
635,405,9,6,2025-06-18,16:15,16:15,16:46,16:57,Completed
636,460,3,6,2025-03-22,12:00,12:47,13:10,13:25,Completed
637,430,24,4,2025-02-05,11:00,11:59,12:06,12:49,Completed
638,298,25,4,2025-05-15,12:45,12:51,13:06,13:23,Completed
639,161,11,4,2025-05-30,14:15,15:04,15:17,15:36,Completed
640,110,9,6,2025-04-23,14:30,14:32,15:03,15:47,Completed
641,486,4,5,2025-03-23,16:45,,,,Cancelled
642,480,5,4,2025-04-03,15:30,16:04,16:05,16:17,Completed
643,340,2,6,2025-06-26,11:30,,,,Cancelled
644,351,4,5,2025-05-17,11:45,,,,Cancelled
645,470,9,6,2025-03-19,09:15,,,,Cancelled
646,324,11,4,2025-06-14,14:00,14:30,14:35,15:16,Completed
647,212,11,4,2025-04-19,09:15,09:43,10:15,10:29,Completed
648,309,24,4,2025-05-21,13:45,13:43,13:46,14:07,Completed
649,406,21,2,2025-02-04,08:45,09:05,09:45,10:14,Completed
650,43,4,5,2025-02-10,11:15,12:02,12:22,13:00,Completed
651,377,5,4,2025-03-08,10:30,11:01,11:13,11:28,Completed
652,94,13,6,2025-04-07,11:00,,,,Cancelled
653,499,15,5,2025-02-20,12:15,12:16,12:41,13:18,Completed
654,77,3,6,2025-04-05,10:00,09:56,10:29,11:06,Completed
655,476,15,5,2025-06-22,15:00,,,,Cancelled
656,417,9,6,2025-03-15,15:45,15:56,16:23,16:46,Completed
657,422,10,4,2025-06-23,11:45,12:03,12:29,12:48,Completed
658,500,9,6,2025-03-02,15:15,15:57,16:34,17:13,Completed
659,241,5,4,2025-03-24,14:15,14:59,15:26,15:52,Completed
660,286,2,6,2025-01-14,13:15,14:10,14:32,14:44,Completed
661,259,20,5,2025-04-08,12:45,13:27,13:35,14:20,Completed
662,92,9,6,2025-02-13,16:45,17:23,17:52,18:10,Completed
663,364,17,1,2025-04-21,10:30,,,,No Show
664,256,9,6,2025-04-03,14:30,14:58,15:37,16:03,Completed
665,224,6,6,2025-03-22,15:15,16:06,16:09,16:31,Completed
666,118,6,6,2025-01-10,15:30,15:45,16:14,16:51,Completed
667,459,16,3,2025-01-11,15:30,16:27,16:56,17:37,Completed
668,369,5,4,2025-02-01,13:00,13:21,13:39,14:00,Completed
669,384,17,1,2025-03-11,11:00,11:18,11:44,11:58,Completed
670,256,22,5,2025-01-25,13:00,13:31,13:38,14:13,Completed
671,476,4,5,2025-03-24,10:00,10:05,10:34,11:14,Completed
672,490,9,6,2025-06-02,08:30,08:30,09:09,09:47,Completed
673,375,24,4,2025-05-26,10:15,10:16,10:34,11:04,Completed
674,381,3,6,2025-05-21,14:00,14:46,15:02,15:23,Completed
675,395,13,6,2025-01-23,08:15,08:30,08:54,09:29,Completed
676,386,21,2,2025-02-09,09:30,,,,Cancelled
677,309,5,4,2025-04-02,09:30,10:30,10:42,11:23,Completed
678,199,16,3,2025-03-10,14:00,14:49,15:12,15:33,Completed
679,219,3,6,2025-01-11,16:30,,,,Cancelled
680,270,21,2,2025-06-15,16:00,16:32,17:01,17:38,Completed
681,411,16,3,2025-03-18,10:15,10:48,11:03,11:46,Completed
682,292,2,6,2025-05-22,09:00,10:00,10:06,10:48,Completed
683,49,15,5,2025-06-19,12:30,12:57,13:34,13:49,Completed
684,9,4,5,2025-06-19,15:15,15:33,15:58,16:10,Completed
685,449,23,2,2025-03-18,13:45,14:37,15:16,15:42,Completed
686,471,6,6,2025-02-24,10:00,10:28,10:34,11:11,Completed
687,3,13,6,2025-01-30,08:15,,,,Cancelled
688,495,24,4,2025-06-04,15:30,16:11,16:36,17:05,Completed
689,70,1,1,2025-02-18,09:00,09:19,09:20,09:43,Completed
690,75,21,2,2025-03-03,14:15,14:21,14:40,15:19,Completed
691,217,1,1,2025-01-30,10:15,11:06,11:37,12:17,Completed
692,231,19,1,2025-03-04,11:30,12:15,12:18,12:49,Completed
693,323,23,2,2025-04-21,14:45,15:17,15:19,16:00,Completed
694,263,19,1,2025-06-06,15:15,15:17,15:50,16:01,Completed
695,162,18,2,2025-01-17,12:45,13:40,13:47,14:28,Completed
696,331,12,5,2025-04-25,14:00,14:15,14:33,14:55,Completed
697,225,8,3,2025-05-10,11:30,12:24,12:32,13:00,Completed
698,200,14,4,2025-06-22,13:45,14:00,14:39,15:02,Completed
699,384,3,6,2025-06-20,15:15,15:32,15:44,16:04,Completed
700,52,14,4,2025-05-07,12:15,,,,No Show
701,184,9,6,2025-04-02,10:15,11:14,11:16,11:30,Completed
702,59,20,5,2025-02-28,09:15,10:12,10:28,10:59,Completed
703,394,2,6,2025-05-23,12:15,13:15,13:53,14:09,Completed
704,475,15,5,2025-04-28,09:00,09:08,09:43,09:55,Completed
705,86,21,2,2025-01-31,11:30,11:45,12:03,12:41,Completed
706,256,24,4,2025-01-26,10:30,11:07,11:15,11:32,Completed
707,225,14,4,2025-01-02,11:45,12:23,12:41,13:23,Completed
708,137,12,5,2025-04-17,13:15,13:29,14:02,14:38,Completed
709,71,14,4,2025-04-16,14:45,15:26,15:27,16:05,Completed
710,6,23,2,2025-05-13,09:00,,,,No Show
711,85,14,4,2025-01-16,14:00,,,,No Show
712,366,22,5,2025-05-14,12:45,13:31,14:06,14:35,Completed
713,161,12,5,2025-01-03,12:15,,,,Cancelled
714,320,20,5,2025-06-16,15:30,16:16,16:28,16:57,Completed
715,276,11,4,2025-04-10,10:30,10:52,10:57,11:39,Completed
716,267,11,4,2025-06-12,10:00,09:58,10:32,10:58,Completed
717,397,10,4,2025-04-19,16:00,16:02,16:25,16:51,Completed
718,182,4,5,2025-01-13,09:45,10:18,10:54,11:04,Completed
719,121,24,4,2025-05-29,16:15,16:54,17:13,17:41,Completed
720,418,23,2,2025-05-27,10:45,11:11,11:17,11:47,Completed
721,99,25,4,2025-04-03,15:00,15:13,15:40,16:16,Completed
722,32,14,4,2025-02-03,15:15,16:07,16:11,16:44,Completed
723,207,19,1,2025-05-24,16:45,17:13,17:50,18:31,Completed
724,226,23,2,2025-05-06,14:15,14:28,15:00,15:18,Completed
725,235,5,4,2025-06-30,16:00,16:22,16:51,17:31,Completed
726,81,18,2,2025-04-05,09:45,09:54,10:01,10:34,Completed
727,21,17,1,2025-02-09,09:30,10:04,10:27,10:56,Completed
728,15,5,4,2025-02-06,14:00,14:34,14:52,15:15,Completed
729,379,16,3,2025-01-01,09:30,09:33,09:35,10:11,Completed
730,159,19,1,2025-04-26,13:45,14:40,15:18,15:36,Completed
731,259,21,2,2025-04-28,15:45,15:59,16:19,16:34,Completed
732,341,20,5,2025-04-15,14:15,15:00,15:21,16:05,Completed
733,344,15,5,2025-03-13,09:15,09:13,09:49,10:18,Completed
734,64,21,2,2025-05-24,09:15,09:16,09:52,10:35,Completed
735,244,17,1,2025-01-05,09:15,09:12,09:29,09:52,Completed
736,362,19,1,2025-04-24,09:30,10:16,10:53,11:05,Completed
737,479,1,1,2025-03-29,14:15,15:03,15:04,15:47,Completed
738,132,3,6,2025-01-30,09:15,09:46,09:55,10:16,Completed
739,46,5,4,2025-03-20,14:15,14:17,14:56,15:26,Completed
740,366,2,6,2025-03-18,14:00,,,,Cancelled
741,133,13,6,2025-01-31,08:15,08:40,09:18,09:43,Completed
742,386,17,1,2025-04-09,09:30,09:32,09:52,10:31,Completed
743,34,16,3,2025-01-08,14:15,,,,No Show
744,346,4,5,2025-03-05,16:15,16:48,17:24,18:00,Completed
745,434,21,2,2025-05-09,11:15,11:57,12:31,12:51,Completed
746,276,14,4,2025-05-23,15:00,14:55,15:24,15:52,Completed
747,86,1,1,2025-01-16,15:30,15:57,16:21,16:53,Completed
748,109,19,1,2025-05-11,12:00,12:15,12:49,13:03,Completed
749,203,23,2,2025-02-01,10:30,,,,No Show
750,163,22,5,2025-03-29,12:45,13:14,13:29,13:59,Completed
751,236,20,5,2025-03-26,08:15,08:10,08:48,09:28,Completed
752,5,22,5,2025-02-14,14:45,15:30,16:04,16:19,Completed
753,333,21,2,2025-01-20,16:00,,,,No Show
754,193,20,5,2025-04-02,14:15,14:11,14:18,14:57,Completed
755,99,15,5,2025-01-03,11:00,11:30,11:52,12:14,Completed
756,315,21,2,2025-03-19,11:15,12:13,12:36,12:48,Completed
757,464,23,2,2025-06-30,11:00,11:20,12:00,12:35,Completed
758,143,19,1,2025-05-09,15:15,15:34,16:10,16:31,Completed
759,66,24,4,2025-01-17,10:30,10:54,11:27,11:54,Completed
760,348,1,1,2025-06-27,16:30,17:23,17:23,18:00,Completed
761,483,21,2,2025-01-14,13:45,14:32,14:49,15:06,Completed
762,239,16,3,2025-04-03,16:00,,,,Cancelled
763,273,15,5,2025-03-22,08:45,,,,Cancelled
764,414,1,1,2025-02-27,14:00,14:26,14:38,14:58,Completed
765,33,21,2,2025-06-10,09:00,09:56,10:23,10:34,Completed
766,321,11,4,2025-03-06,11:00,11:55,12:10,12:41,Completed
767,421,11,4,2025-05-14,11:00,11:51,11:57,12:35,Completed
768,44,2,6,2025-01-09,14:30,,,,Cancelled
769,227,2,6,2025-03-19,14:00,14:08,14:11,14:56,Completed
770,436,13,6,2025-04-13,09:45,10:09,10:47,10:57,Completed
771,238,14,4,2025-06-08,09:30,09:28,09:57,10:40,Completed
772,99,4,5,2025-01-27,08:00,08:19,08:55,09:13,Completed
773,132,12,5,2025-04-18,15:45,16:03,16:18,16:36,Completed
774,31,5,4,2025-03-21,14:30,15:04,15:41,16:25,Completed
775,76,16,3,2025-03-21,13:30,14:12,14:12,14:55,Completed
776,348,5,4,2025-01-15,11:00,,,,No Show
777,328,7,2,2025-01-18,13:15,,,,Cancelled
778,290,11,4,2025-06-07,12:45,13:22,13:32,13:48,Completed
779,405,2,6,2025-05-07,11:00,11:23,11:37,12:16,Completed
780,123,16,3,2025-03-26,14:15,15:01,15:12,15:22,Completed
781,38,12,5,2025-01-08,16:00,16:13,16:31,17:09,Completed
782,300,25,4,2025-04-03,08:00,08:20,08:32,09:00,Completed
783,454,9,6,2025-02-14,13:15,13:32,13:44,13:55,Completed
784,135,4,5,2025-01-06,10:45,10:54,11:15,11:38,Completed
785,123,12,5,2025-04-06,10:45,,,,Cancelled
786,67,7,2,2025-02-19,16:45,,,,No Show
787,126,2,6,2025-06-07,11:30,11:44,12:04,12:29,Completed
788,408,9,6,2025-02-02,16:45,17:06,17:11,17:51,Completed
789,315,3,6,2025-02-12,16:45,17:45,18:08,18:49,Completed
790,92,11,4,2025-04-06,16:45,17:43,18:13,18:40,Completed
791,327,19,1,2025-06-16,08:15,,,,Cancelled
792,203,7,2,2025-03-20,14:45,15:00,15:23,15:49,Completed
793,69,25,4,2025-01-22,12:45,13:25,13:39,13:51,Completed
794,319,11,4,2025-04-20,15:45,16:35,17:01,17:34,Completed
795,163,9,6,2025-04-08,08:15,09:06,09:20,09:46,Completed
796,184,3,6,2025-03-17,16:00,16:30,16:44,17:00,Completed
797,185,2,6,2025-05-20,11:30,11:50,12:11,12:37,Completed
798,418,25,4,2025-06-24,12:15,12:27,13:01,13:27,Completed
799,154,10,4,2025-03-30,14:45,,,,No Show
800,488,5,4,2025-04-12,11:15,11:36,12:06,12:30,Completed
801,403,18,2,2025-04-30,15:30,15:35,15:55,16:17,Completed
802,483,23,2,2025-04-17,11:45,12:37,13:12,13:23,Completed
803,296,5,4,2025-03-20,08:45,09:25,09:46,10:10,Completed
804,352,25,4,2025-04-14,16:30,17:06,17:43,17:54,Completed
805,17,5,4,2025-02-09,13:45,14:28,14:41,15:16,Completed
806,198,7,2,2025-05-02,09:30,10:22,11:02,11:31,Completed
807,54,22,5,2025-05-22,10:00,10:57,10:58,11:19,Completed
808,467,13,6,2025-03-14,11:15,11:47,12:20,12:34,Completed
809,189,17,1,2025-01-03,10:30,,,,No Show
810,67,18,2,2025-04-18,15:00,,,,Cancelled
811,159,14,4,2025-06-20,15:15,15:49,16:26,16:48,Completed
812,351,15,5,2025-03-12,11:00,11:13,11:41,11:55,Completed
813,310,8,3,2025-05-15,13:45,14:38,15:07,15:19,Completed
814,148,21,2,2025-04-27,13:30,14:15,14:54,15:15,Completed
815,92,20,5,2025-04-21,15:45,16:03,16:39,16:55,Completed
816,485,2,6,2025-03-03,10:30,,,,Cancelled
817,211,25,4,2025-05-22,09:30,09:34,09:40,10:22,Completed
818,167,14,4,2025-04-26,10:30,10:51,11:23,11:35,Completed
819,38,21,2,2025-06-27,15:45,16:23,16:48,17:10,Completed
820,6,9,6,2025-01-30,10:30,11:24,11:55,12:34,Completed
821,281,22,5,2025-03-04,15:15,16:10,16:27,16:47,Completed
822,10,20,5,2025-01-26,10:30,10:40,11:14,11:49,Completed
823,344,25,4,2025-01-03,12:15,13:06,13:28,13:49,Completed
824,18,22,5,2025-05-17,11:45,11:46,12:26,13:09,Completed
825,367,22,5,2025-01-27,14:30,15:21,15:24,15:34,Completed
826,194,25,4,2025-02-21,11:30,11:55,12:07,12:22,Completed
827,15,1,1,2025-03-28,11:00,11:23,11:29,11:49,Completed
828,23,14,4,2025-05-12,09:30,10:06,10:41,11:03,Completed
829,479,18,2,2025-04-12,14:00,14:24,14:37,14:53,Completed
830,89,1,1,2025-04-13,13:00,13:44,13:57,14:36,Completed
831,337,9,6,2025-06-16,13:00,13:03,13:16,13:52,Completed
832,307,16,3,2025-01-27,16:15,,,,No Show
833,357,13,6,2025-06-23,10:30,,,,No Show
834,342,16,3,2025-01-18,13:00,13:52,14:16,14:58,Completed
835,120,17,1,2025-05-31,08:15,08:12,08:51,09:08,Completed
836,378,14,4,2025-03-04,09:00,09:12,09:35,10:16,Completed
837,78,13,6,2025-02-22,08:15,09:06,09:27,09:45,Completed
838,330,25,4,2025-01-11,16:45,17:16,17:17,17:41,Completed
839,170,11,4,2025-03-04,11:00,11:26,11:40,12:14,Completed
840,94,15,5,2025-06-11,08:00,08:57,09:01,09:23,Completed
841,73,7,2,2025-02-02,09:15,09:36,09:51,10:33,Completed
842,372,15,5,2025-03-21,10:15,10:41,11:08,11:29,Completed
843,156,10,4,2025-05-28,15:15,,,,No Show
844,185,13,6,2025-04-07,10:45,11:36,12:03,12:45,Completed
845,222,25,4,2025-02-09,15:00,15:43,16:10,16:25,Completed
846,472,10,4,2025-06-02,16:15,16:32,16:48,17:22,Completed
847,233,10,4,2025-04-07,16:45,16:49,17:10,17:28,Completed
848,101,5,4,2025-02-18,08:00,08:59,09:22,10:03,Completed
849,213,13,6,2025-04-06,14:45,15:19,15:56,16:10,Completed
850,20,4,5,2025-04-09,10:15,11:05,11:21,11:53,Completed
851,251,21,2,2025-06-26,13:00,13:44,14:11,14:36,Completed
852,18,12,5,2025-06-11,08:15,,,,Cancelled
853,76,9,6,2025-03-05,10:00,10:09,10:14,10:48,Completed
854,301,3,6,2025-05-13,11:45,12:01,12:28,12:54,Completed
855,257,18,2,2025-06-18,14:30,15:17,15:22,15:38,Completed
856,398,12,5,2025-02-06,12:15,,,,No Show
857,418,16,3,2025-01-01,09:00,09:48,10:21,10:57,Completed
858,376,14,4,2025-02-13,10:30,10:48,10:56,11:18,Completed
859,258,4,5,2025-04-26,11:15,11:35,11:38,11:59,Completed
860,99,9,6,2025-04-15,15:00,15:16,15:21,15:49,Completed
861,64,9,6,2025-01-17,13:00,13:25,13:55,14:36,Completed
862,52,1,1,2025-01-16,12:00,12:00,12:06,12:29,Completed
863,4,13,6,2025-06-04,16:30,17:27,17:57,18:28,Completed
864,173,12,5,2025-06-24,13:30,13:55,14:18,14:53,Completed
865,30,12,5,2025-03-26,09:00,09:53,10:18,10:36,Completed
866,63,17,1,2025-03-13,11:30,12:22,13:01,13:41,Completed
867,339,7,2,2025-01-01,13:00,13:41,13:43,14:13,Completed
868,120,20,5,2025-05-05,14:00,,,,No Show
869,439,23,2,2025-01-26,14:30,,,,Cancelled
870,402,23,2,2025-05-10,08:15,09:13,09:18,09:47,Completed
871,281,15,5,2025-02-13,15:00,15:56,16:30,16:55,Completed
872,88,25,4,2025-06-18,09:00,,,,Cancelled
873,168,13,6,2025-03-13,11:30,,,,Cancelled
874,325,24,4,2025-05-06,09:30,09:53,10:29,10:43,Completed
875,194,23,2,2025-04-08,16:45,17:09,17:23,17:49,Completed
876,45,4,5,2025-01-23,13:15,13:24,14:00,14:33,Completed
877,161,13,6,2025-05-28,08:30,08:32,09:09,09:53,Completed
878,199,14,4,2025-03-23,13:15,13:38,13:44,14:19,Completed
879,437,15,5,2025-03-22,10:30,10:53,11:24,12:03,Completed
880,146,5,4,2025-06-20,08:30,09:04,09:36,09:53,Completed
881,435,23,2,2025-05-27,15:15,16:13,16:31,17:05,Completed
882,415,11,4,2025-02-09,11:15,11:16,11:27,12:08,Completed
883,154,22,5,2025-02-10,08:45,,,,No Show
884,388,13,6,2025-04-11,09:30,10:01,10:13,10:58,Completed
885,68,11,4,2025-05-29,08:30,09:23,09:33,09:51,Completed
886,248,10,4,2025-02-07,11:15,11:35,11:35,12:08,Completed
887,295,4,5,2025-06-23,10:45,11:34,11:44,11:57,Completed
888,499,16,3,2025-02-15,08:00,,,,No Show
889,322,24,4,2025-04-14,11:00,11:10,11:25,12:00,Completed
890,353,20,5,2025-02-14,14:00,14:54,15:18,15:45,Completed
891,228,12,5,2025-01-03,09:00,09:05,09:12,09:53,Completed
892,466,17,1,2025-02-27,08:45,09:15,09:21,09:42,Completed
893,331,23,2,2025-04-22,12:15,12:22,12:42,12:56,Completed
894,442,18,2,2025-02-17,14:00,14:45,15:20,16:04,Completed
895,272,16,3,2025-01-17,16:00,,,,Cancelled
896,356,6,6,2025-01-02,16:45,17:20,17:27,17:39,Completed
897,106,21,2,2025-02-11,09:30,09:29,09:34,09:51,Completed
898,187,18,2,2025-02-13,14:00,,,,Cancelled
899,266,10,4,2025-06-18,16:45,16:57,17:33,18:14,Completed
900,268,12,5,2025-06-05,16:15,16:22,16:24,16:49,Completed
901,73,10,4,2025-02-25,10:15,10:55,11:12,11:30,Completed
902,217,3,6,2025-05-21,12:30,13:13,13:23,13:58,Completed
903,484,9,6,2025-06-23,14:15,,,,No Show
904,357,21,2,2025-02-19,13:15,,,,No Show
905,223,13,6,2025-01-07,11:00,11:29,11:36,12:20,Completed
906,281,14,4,2025-01-17,13:00,13:41,14:02,14:29,Completed
907,409,8,3,2025-03-12,08:00,,,,No Show
908,401,4,5,2025-02-14,16:30,17:27,17:33,18:16,Completed
909,293,10,4,2025-05-22,12:00,,,,Cancelled
910,200,6,6,2025-03-30,16:45,17:41,18:18,18:36,Completed
911,352,17,1,2025-02-09,10:15,10:58,11:34,12:01,Completed
912,372,21,2,2025-04-05,11:45,,,,No Show
913,409,15,5,2025-05-09,12:30,13:19,13:52,14:16,Completed
914,440,3,6,2025-03-20,14:30,14:36,15:16,15:31,Completed
915,123,3,6,2025-02-12,08:00,08:31,09:06,09:47,Completed
916,6,14,4,2025-06-23,16:15,17:11,17:42,18:24,Completed
917,347,18,2,2025-06-28,09:45,,,,Cancelled
918,382,1,1,2025-04-19,16:30,16:56,17:29,17:41,Completed
919,494,6,6,2025-06-22,16:15,16:32,16:36,17:09,Completed
920,264,12,5,2025-01-14,14:45,,,,No Show
921,174,22,5,2025-03-05,16:00,16:32,16:51,17:31,Completed
922,110,1,1,2025-06-11,14:15,,,,Cancelled
923,457,20,5,2025-05-05,08:30,08:25,09:04,09:43,Completed
924,182,4,5,2025-01-02,13:15,14:01,14:23,14:33,Completed
925,252,7,2,2025-01-22,16:15,17:02,17:09,17:50,Completed
926,394,22,5,2025-03-06,11:45,12:30,12:53,13:22,Completed
927,457,6,6,2025-05-18,12:00,12:51,13:19,13:39,Completed
928,383,14,4,2025-01-02,13:15,13:24,13:36,14:04,Completed
929,203,14,4,2025-03-26,08:15,08:35,09:05,09:32,Completed
930,251,18,2,2025-05-07,10:30,11:16,11:48,12:22,Completed
931,491,4,5,2025-01-06,10:15,10:54,11:26,11:36,Completed
932,122,2,6,2025-06-23,13:45,13:41,14:08,14:48,Completed
933,249,3,6,2025-04-20,11:15,12:15,12:26,12:51,Completed
934,59,9,6,2025-06-29,11:45,12:05,12:35,12:51,Completed
935,258,20,5,2025-02-16,11:15,11:39,11:46,12:04,Completed
936,141,7,2,2025-02-07,14:00,14:20,14:25,14:38,Completed
937,269,10,4,2025-06-29,11:15,11:53,12:20,13:00,Completed
938,219,21,2,2025-01-14,12:00,,,,Cancelled
939,365,14,4,2025-03-05,13:00,13:18,13:20,13:30,Completed
940,382,11,4,2025-02-24,12:45,13:15,13:53,14:09,Completed
941,130,16,3,2025-04-04,13:30,13:39,13:45,13:55,Completed
942,395,5,4,2025-03-26,13:30,14:12,14:27,14:54,Completed
943,197,3,6,2025-01-28,10:00,10:00,10:37,10:59,Completed
944,229,4,5,2025-01-20,16:30,17:03,17:33,17:55,Completed
945,79,2,6,2025-02-02,11:45,,,,Cancelled
946,230,21,2,2025-01-31,14:00,,,,Cancelled
947,258,1,1,2025-02-12,12:15,12:47,12:49,13:02,Completed
948,356,7,2,2025-04-12,15:00,15:16,15:44,16:26,Completed
949,400,13,6,2025-04-13,12:15,12:33,12:33,12:53,Completed
950,304,23,2,2025-01-03,16:45,17:44,18:17,18:43,Completed
951,113,10,4,2025-03-10,16:00,16:16,16:30,16:42,Completed
952,150,2,6,2025-06-13,10:30,10:42,10:59,11:12,Completed
953,128,7,2,2025-05-17,09:00,09:39,10:19,10:52,Completed
954,485,23,2,2025-05-21,12:15,13:02,13:41,14:09,Completed
955,30,21,2,2025-01-03,13:15,,,,No Show
956,276,22,5,2025-05-30,09:45,10:12,10:52,11:37,Completed
957,227,8,3,2025-03-25,12:15,13:00,13:09,13:47,Completed
958,372,14,4,2025-04-05,10:45,10:51,11:22,11:43,Completed
959,418,6,6,2025-02-18,15:15,15:46,15:47,16:16,Completed
960,91,13,6,2025-06-25,11:00,11:13,11:17,11:54,Completed
961,466,21,2,2025-04-14,09:15,09:11,09:49,10:05,Completed
962,11,4,5,2025-01-04,08:15,08:41,08:46,09:13,Completed
963,322,20,5,2025-01-04,08:00,08:38,08:43,09:05,Completed
964,389,19,1,2025-04-24,10:30,11:07,11:37,11:56,Completed
965,279,23,2,2025-03-10,16:00,15:57,15:59,16:15,Completed
966,53,17,1,2025-04-17,10:00,10:23,10:24,10:48,Completed
967,76,12,5,2025-06-17,12:15,12:59,13:06,13:47,Completed
968,57,8,3,2025-01-27,12:30,12:34,13:13,13:44,Completed
969,473,3,6,2025-01-12,10:15,11:04,11:37,12:08,Completed
970,348,14,4,2025-02-08,12:30,,,,Cancelled
971,339,12,5,2025-03-09,09:00,09:14,09:23,09:53,Completed
972,229,24,4,2025-05-03,09:00,09:49,10:06,10:25,Completed
973,66,6,6,2025-04-09,13:30,14:28,14:55,15:35,Completed
974,212,20,5,2025-06-12,13:15,13:41,14:05,14:41,Completed
975,276,18,2,2025-05-07,16:15,16:59,17:04,17:40,Completed
976,398,23,2,2025-02-26,09:15,,,,No Show
977,9,12,5,2025-05-23,15:15,15:24,15:27,15:59,Completed
978,435,25,4,2025-02-05,12:45,12:58,13:33,14:09,Completed
979,424,8,3,2025-01-15,10:00,10:13,10:37,10:48,Completed
980,218,12,5,2025-01-14,09:00,09:56,10:34,10:54,Completed
981,188,5,4,2025-01-21,11:00,10:56,11:32,12:08,Completed
982,94,16,3,2025-02-05,16:30,17:25,17:51,18:22,Completed
983,331,23,2,2025-01-04,12:00,12:14,12:17,12:29,Completed
984,89,17,1,2025-02-11,08:45,09:34,10:03,10:48,Completed
985,133,19,1,2025-05-09,12:15,,,,No Show
986,268,13,6,2025-02-02,11:45,11:47,12:01,12:36,Completed
987,382,18,2,2025-06-04,09:45,10:41,11:01,11:36,Completed
988,85,2,6,2025-04-06,14:15,14:44,14:50,15:06,Completed
989,309,25,4,2025-03-27,08:15,08:46,08:56,09:40,Completed
990,109,20,5,2025-01-03,12:15,12:35,13:15,13:27,Completed
991,44,19,1,2025-05-25,08:45,08:45,08:48,09:18,Completed
992,159,1,1,2025-04-02,12:45,13:44,13:56,14:26,Completed
993,372,12,5,2025-02-03,09:30,10:17,10:49,11:05,Completed
994,397,5,4,2025-01-07,14:45,14:44,15:02,15:22,Completed
995,238,3,6,2025-06-10,09:15,,,,No Show
996,257,17,1,2025-06-05,16:30,17:22,17:30,18:01,Completed
997,320,14,4,2025-01-11,14:15,,,,No Show
998,291,21,2,2025-05-08,09:00,,,,Cancelled
999,409,3,6,2025-05-08,09:45,10:20,10:30,10:58,Completed
1000,144,19,1,2025-04-04,13:00,13:04,13:15,13:54,Completed
1001,243,9,6,2025-04-24,10:00,,,,Cancelled
1002,206,14,4,2025-06-08,10:45,11:26,11:58,12:28,Completed
1003,350,14,4,2025-05-10,15:30,15:30,16:09,16:22,Completed
1004,126,23,2,2025-05-24,08:15,08:23,08:41,09:15,Completed
1005,205,3,6,2025-02-27,14:45,14:51,15:13,15:52,Completed
1006,274,15,5,2025-01-28,09:15,09:23,09:48,10:25,Completed
1007,169,3,6,2025-03-23,13:45,14:07,14:37,14:54,Completed
1008,20,18,2,2025-02-09,15:15,,,,No Show
1009,397,13,6,2025-01-16,13:45,14:40,14:53,15:06,Completed
1010,12,25,4,2025-06-25,14:30,14:57,15:37,15:58,Completed
1011,36,9,6,2025-04-14,09:30,10:22,10:48,11:31,Completed
1012,458,9,6,2025-02-17,08:00,08:49,09:10,09:39,Completed
1013,179,14,4,2025-05-04,15:15,16:05,16:27,17:01,Completed
1014,288,20,5,2025-02-20,09:15,09:51,10:11,10:21,Completed
1015,235,5,4,2025-05-08,13:00,13:47,14:03,14:46,Completed
1016,231,5,4,2025-06-12,15:00,14:59,15:12,15:34,Completed
1017,280,25,4,2025-02-12,14:15,,,,No Show
1018,296,1,1,2025-04-05,13:00,13:33,13:52,14:34,Completed
1019,64,23,2,2025-05-08,15:45,16:32,16:54,17:26,Completed
1020,219,17,1,2025-03-27,09:15,10:08,10:35,11:08,Completed
1021,305,6,6,2025-05-19,14:45,15:16,15:43,16:11,Completed
1022,481,4,5,2025-01-23,09:00,08:57,09:36,10:12,Completed
1023,384,25,4,2025-06-09,16:00,16:51,17:23,17:35,Completed
1024,437,14,4,2025-02-24,11:45,,,,Cancelled
1025,487,4,5,2025-03-31,15:45,16:30,16:30,17:03,Completed
1026,260,10,4,2025-03-10,12:30,,,,Cancelled
1027,213,2,6,2025-01-04,08:15,08:57,09:30,10:00,Completed
1028,492,19,1,2025-04-21,11:45,12:04,12:43,13:18,Completed
1029,411,19,1,2025-04-20,10:45,11:02,11:27,11:57,Completed
1030,224,8,3,2025-01-26,10:00,10:45,11:25,11:51,Completed
1031,82,11,4,2025-02-22,09:00,08:58,09:25,09:35,Completed
1032,304,5,4,2025-01-08,16:00,,,,No Show
1033,325,21,2,2025-04-02,10:15,10:38,10:57,11:19,Completed
1034,126,24,4,2025-04-07,12:00,12:30,12:35,12:54,Completed
1035,327,19,1,2025-01-27,09:45,09:55,10:01,10:20,Completed
1036,459,6,6,2025-01-24,09:45,10:26,10:39,11:14,Completed
1037,408,1,1,2025-04-16,09:45,09:49,10:02,10:38,Completed
1038,161,21,2,2025-04-26,10:15,10:48,10:48,11:09,Completed
1039,324,20,5,2025-01-09,09:30,10:09,10:39,11:23,Completed
1040,268,24,4,2025-03-07,09:15,09:13,09:47,09:58,Completed
1041,390,5,4,2025-02-25,13:00,13:22,13:23,13:53,Completed
1042,43,24,4,2025-06-27,10:30,,,,No Show
1043,179,23,2,2025-05-22,12:45,,,,Cancelled
1044,473,7,2,2025-03-06,10:15,10:45,11:10,11:26,Completed
1045,393,19,1,2025-03-21,10:15,11:12,11:39,12:17,Completed
1046,383,9,6,2025-03-23,09:45,10:34,10:46,11:18,Completed
1047,324,3,6,2025-04-26,10:00,11:00,11:16,11:52,Completed
1048,424,21,2,2025-05-16,13:45,13:43,13:50,14:11,Completed
1049,220,6,6,2025-04-02,11:00,11:22,11:45,12:18,Completed
1050,161,4,5,2025-01-03,13:00,13:37,13:50,14:29,Completed
1051,165,8,3,2025-05-24,09:45,10:16,10:54,11:17,Completed
1052,53,18,2,2025-03-13,09:45,10:35,10:55,11:25,Completed
1053,26,16,3,2025-05-08,08:30,09:18,09:25,09:42,Completed
1054,308,11,4,2025-06-01,14:15,14:12,14:30,14:41,Completed
1055,439,19,1,2025-01-02,15:30,,,,Cancelled
1056,471,17,1,2025-01-11,13:00,13:03,13:33,13:49,Completed
1057,213,24,4,2025-03-19,12:30,13:09,13:34,13:49,Completed
1058,161,16,3,2025-06-06,08:45,09:18,09:47,10:28,Completed
1059,496,4,5,2025-04-06,09:00,09:23,09:26,09:36,Completed
1060,166,23,2,2025-04-22,11:15,11:21,11:33,12:06,Completed
1061,276,1,1,2025-06-26,08:30,,,,Cancelled
1062,39,9,6,2025-03-26,14:30,14:46,14:54,15:33,Completed
1063,164,5,4,2025-05-30,14:45,14:55,15:28,16:11,Completed
1064,245,22,5,2025-05-06,12:30,13:26,13:40,13:55,Completed
1065,152,23,2,2025-01-22,13:15,,,,No Show
1066,31,7,2,2025-01-04,11:45,12:29,12:41,13:22,Completed
1067,107,19,1,2025-05-16,16:30,17:04,17:33,17:52,Completed
1068,55,5,4,2025-02-26,13:45,14:37,15:16,15:58,Completed
1069,205,7,2,2025-01-18,12:45,13:01,13:20,13:36,Completed
1070,449,4,5,2025-01-29,11:00,11:53,12:04,12:31,Completed
1071,339,17,1,2025-04-26,13:30,13:40,14:15,14:30,Completed
1072,109,5,4,2025-04-12,16:45,17:45,18:06,18:19,Completed
1073,190,4,5,2025-01-13,14:45,15:04,15:22,15:44,Completed
1074,305,9,6,2025-05-16,15:45,,,,No Show
1075,113,4,5,2025-01-14,08:30,08:55,08:59,09:43,Completed
1076,116,20,5,2025-06-29,14:45,15:30,15:36,16:00,Completed
1077,451,23,2,2025-03-10,15:15,15:31,15:44,16:16,Completed
1078,362,20,5,2025-03-15,08:00,08:18,08:50,09:30,Completed
1079,437,23,2,2025-03-03,10:30,10:33,10:43,11:04,Completed
1080,234,5,4,2025-01-04,15:45,,,,No Show
1081,452,3,6,2025-02-13,08:30,09:25,10:02,10:12,Completed
1082,127,16,3,2025-01-29,08:00,08:32,08:46,09:29,Completed
1083,387,5,4,2025-01-25,09:30,10:07,10:35,11:16,Completed
1084,280,9,6,2025-06-19,15:30,16:11,16:40,16:50,Completed
1085,155,23,2,2025-03-27,16:45,16:54,17:11,17:54,Completed
1086,11,5,4,2025-04-16,11:15,11:55,12:26,12:37,Completed
1087,380,23,2,2025-04-21,13:15,13:21,13:33,14:07,Completed
1088,495,9,6,2025-06-10,16:45,,,,Cancelled
1089,201,19,1,2025-04-17,12:30,12:49,12:51,13:34,Completed
1090,428,20,5,2025-02-01,14:45,,,,No Show
1091,256,22,5,2025-02-07,15:15,15:47,16:26,17:11,Completed
1092,156,16,3,2025-03-15,09:30,09:26,09:55,10:07,Completed
1093,423,19,1,2025-02-01,08:45,09:19,09:19,09:56,Completed
1094,428,1,1,2025-01-13,12:15,12:54,13:12,13:54,Completed
1095,394,18,2,2025-02-09,09:30,09:43,09:55,10:32,Completed
1096,42,10,4,2025-02-26,08:45,09:25,09:40,10:14,Completed
1097,496,4,5,2025-03-08,12:30,12:47,13:23,14:00,Completed
1098,166,19,1,2025-02-05,11:30,11:42,12:08,12:53,Completed
1099,157,3,6,2025-03-18,15:15,15:58,16:25,16:41,Completed
1100,227,23,2,2025-03-22,16:30,17:24,17:46,18:23,Completed
1101,493,14,4,2025-04-29,08:00,08:48,08:53,09:11,Completed
1102,155,8,3,2025-05-29,16:30,,,,Cancelled
1103,450,10,4,2025-01-14,14:15,15:01,15:01,15:40,Completed
1104,448,17,1,2025-04-28,08:00,08:02,08:19,08:35,Completed
1105,50,10,4,2025-05-25,15:30,15:32,15:39,16:21,Completed
1106,28,23,2,2025-02-22,16:15,,,,Cancelled
1107,328,5,4,2025-03-19,12:00,12:57,13:36,13:58,Completed
1108,1,5,4,2025-06-04,09:00,09:26,09:39,09:55,Completed
1109,427,17,1,2025-04-24,14:00,14:10,14:29,15:04,Completed
1110,95,8,3,2025-05-20,12:45,12:55,13:22,13:41,Completed
1111,95,5,4,2025-06-18,11:15,12:15,12:49,13:11,Completed
1112,149,10,4,2025-06-20,09:45,10:27,10:44,11:19,Completed
1113,410,4,5,2025-04-29,14:45,14:58,14:59,15:27,Completed
1114,289,13,6,2025-01-03,12:00,,,,No Show
1115,240,24,4,2025-04-28,12:00,,,,Cancelled
1116,258,7,2,2025-03-31,16:45,17:45,17:49,18:10,Completed
1117,181,21,2,2025-05-25,13:45,,,,Cancelled
1118,35,21,2,2025-05-04,14:45,15:03,15:39,16:21,Completed
1119,270,9,6,2025-02-03,13:30,14:16,14:20,14:32,Completed
1120,376,6,6,2025-03-01,09:00,09:58,10:28,10:58,Completed
1121,396,24,4,2025-03-02,09:15,09:59,10:25,10:39,Completed
1122,129,4,5,2025-01-10,09:45,,,,Cancelled
1123,165,4,5,2025-06-28,15:45,15:57,16:37,17:22,Completed
1124,130,16,3,2025-04-23,12:15,12:35,12:45,13:22,Completed
1125,415,7,2,2025-01-23,08:00,,,,Cancelled
1126,185,25,4,2025-04-15,16:00,16:38,16:49,17:32,Completed
1127,427,7,2,2025-05-27,15:30,,,,Cancelled
1128,411,3,6,2025-04-23,14:45,14:49,15:25,15:40,Completed
1129,265,10,4,2025-01-26,09:45,10:09,10:12,10:56,Completed
1130,115,10,4,2025-03-06,14:30,14:33,14:43,15:11,Completed
1131,295,8,3,2025-05-13,16:30,17:16,17:55,18:08,Completed
1132,457,4,5,2025-05-30,15:30,15:28,15:30,16:01,Completed
1133,103,11,4,2025-01-16,10:15,10:52,10:55,11:20,Completed
1134,413,19,1,2025-06-06,08:30,,,,Cancelled
1135,246,5,4,2025-03-11,08:00,07:59,08:30,09:12,Completed
1136,180,14,4,2025-05-03,12:15,12:12,12:15,12:26,Completed
1137,416,7,2,2025-05-17,14:00,14:56,14:59,15:33,Completed
1138,357,5,4,2025-04-21,14:15,,,,Cancelled
1139,463,12,5,2025-04-01,11:30,12:20,12:23,12:48,Completed
1140,302,1,1,2025-02-28,14:00,13:56,14:11,14:24,Completed
1141,65,15,5,2025-02-16,12:00,,,,No Show
1142,67,20,5,2025-04-12,15:00,,,,Cancelled
1143,106,16,3,2025-06-30,13:15,14:06,14:25,14:58,Completed
1144,150,21,2,2025-03-04,16:30,17:05,17:39,18:21,Completed
1145,178,14,4,2025-06-30,15:30,15:35,15:48,16:06,Completed
1146,267,8,3,2025-03-20,16:15,16:25,16:48,17:07,Completed
1147,121,23,2,2025-04-23,15:00,14:57,15:28,15:40,Completed
1148,302,13,6,2025-03-18,09:00,09:30,10:09,10:43,Completed
1149,442,13,6,2025-04-09,15:00,15:23,15:36,16:10,Completed
1150,221,18,2,2025-01-14,12:00,,,,Cancelled
1151,465,9,6,2025-06-01,11:00,,,,Cancelled
1152,401,24,4,2025-01-15,09:45,10:16,10:50,11:29,Completed
1153,369,19,1,2025-05-13,12:15,12:58,13:27,13:52,Completed
1154,8,9,6,2025-06-24,12:00,12:26,13:00,13:28,Completed
1155,203,2,6,2025-06-07,12:30,12:59,13:15,13:25,Completed
1156,292,22,5,2025-03-24,12:15,13:06,13:35,13:46,Completed
1157,239,2,6,2025-04-02,15:15,16:02,16:05,16:20,Completed
1158,313,18,2,2025-03-22,09:45,10:03,10:19,10:46,Completed
1159,254,5,4,2025-02-28,10:15,10:16,10:30,10:47,Completed
1160,95,22,5,2025-05-10,15:30,15:30,16:05,16:29,Completed
1161,366,9,6,2025-03-07,08:30,08:30,09:08,09:33,Completed
1162,40,17,1,2025-04-24,09:00,09:25,09:38,10:08,Completed
1163,425,22,5,2025-04-17,09:45,10:16,10:25,10:36,Completed
1164,404,12,5,2025-03-27,14:30,15:25,15:43,15:54,Completed
1165,23,10,4,2025-02-08,08:00,08:22,08:42,09:24,Completed
1166,380,17,1,2025-05-29,13:15,13:58,14:35,14:47,Completed
1167,77,13,6,2025-06-16,09:00,,,,No Show
1168,323,18,2,2025-04-18,16:00,16:01,16:39,17:19,Completed
1169,267,15,5,2025-03-23,12:15,12:47,13:02,13:33,Completed
1170,394,12,5,2025-03-01,15:30,15:39,15:54,16:32,Completed
1171,451,14,4,2025-04-03,09:30,10:29,10:33,11:06,Completed
1172,310,8,3,2025-04-25,14:15,14:26,15:00,15:25,Completed
1173,209,22,5,2025-05-30,10:30,11:01,11:22,11:52,Completed
1174,210,14,4,2025-05-10,10:45,11:05,11:16,11:55,Completed
1175,62,14,4,2025-03-09,16:45,16:52,17:00,17:12,Completed
1176,13,23,2,2025-02-12,09:15,,,,Cancelled
1177,182,5,4,2025-04-13,16:15,,,,Cancelled
1178,460,11,4,2025-06-01,09:00,,,,Cancelled
1179,323,15,5,2025-04-22,12:45,12:57,13:08,13:50,Completed
1180,459,1,1,2025-06-01,13:45,14:28,14:48,15:26,Completed
1181,370,19,1,2025-03-13,09:15,09:48,10:19,10:50,Completed
1182,266,17,1,2025-05-29,16:45,17:16,17:36,18:10,Completed
1183,92,5,4,2025-01-11,11:45,12:15,12:51,13:21,Completed
1184,146,6,6,2025-01-31,12:30,,,,Cancelled
1185,148,9,6,2025-06-05,09:15,09:45,09:54,10:10,Completed
1186,430,17,1,2025-02-13,08:00,08:19,08:19,09:00,Completed
1187,14,12,5,2025-02-22,12:45,13:36,14:09,14:27,Completed
1188,152,4,5,2025-06-30,09:45,10:35,11:06,11:32,Completed
1189,71,9,6,2025-06-21,09:30,09:35,09:49,10:03,Completed
1190,260,11,4,2025-03-12,15:00,15:35,15:37,16:14,Completed
1191,362,17,1,2025-03-23,11:00,10:56,11:11,11:29,Completed
1192,447,8,3,2025-06-22,11:30,12:25,12:34,13:15,Completed
1193,376,16,3,2025-03-14,10:15,10:21,10:54,11:17,Completed
1194,35,16,3,2025-05-23,11:15,11:14,11:40,12:06,Completed
1195,324,19,1,2025-03-02,13:45,,,,Cancelled
1196,343,16,3,2025-05-06,14:30,15:26,15:44,16:00,Completed
1197,494,25,4,2025-03-15,14:45,15:21,15:36,16:13,Completed
1198,238,11,4,2025-06-19,09:30,10:15,10:23,11:03,Completed
1199,443,16,3,2025-06-03,14:15,14:13,14:31,14:58,Completed
1200,456,14,4,2025-01-16,16:30,16:58,17:18,17:54,Completed
1201,227,14,4,2025-04-13,12:00,12:29,13:00,13:24,Completed
1202,420,2,6,2025-03-20,15:45,16:08,16:44,17:04,Completed
1203,400,21,2,2025-01-29,13:15,13:12,13:13,13:47,Completed
1204,361,11,4,2025-04-01,16:00,16:01,16:34,16:57,Completed
1205,102,6,6,2025-05-18,14:15,14:47,14:57,15:30,Completed
1206,111,18,2,2025-03-05,08:00,07:57,08:30,08:46,Completed
1207,406,16,3,2025-01-11,10:30,11:03,11:04,11:28,Completed
1208,353,8,3,2025-01-09,12:00,12:43,13:08,13:26,Completed
1209,449,9,6,2025-01-22,09:00,09:59,10:25,10:36,Completed
1210,426,18,2,2025-06-04,10:00,10:45,10:57,11:26,Completed
1211,218,17,1,2025-01-06,12:30,13:23,13:35,13:51,Completed
1212,336,19,1,2025-05-01,14:30,,,,No Show
1213,288,9,6,2025-05-04,12:15,12:58,12:59,13:40,Completed
1214,488,12,5,2025-05-20,09:45,10:08,10:44,10:55,Completed
1215,119,15,5,2025-04-05,15:00,15:34,15:55,16:14,Completed
1216,500,3,6,2025-01-25,16:15,16:36,17:07,17:32,Completed
1217,207,20,5,2025-05-02,16:15,16:17,16:48,17:14,Completed
1218,380,11,4,2025-02-08,08:30,09:17,09:17,09:44,Completed
1219,387,18,2,2025-05-06,16:45,17:20,17:35,18:05,Completed
1220,248,17,1,2025-05-23,09:00,09:49,09:53,10:27,Completed
1221,7,6,6,2025-05-14,09:15,09:35,10:03,10:20,Completed
1222,218,16,3,2025-02-13,16:45,16:57,17:32,18:08,Completed
1223,152,4,5,2025-04-22,12:30,13:06,13:45,14:18,Completed
1224,85,5,4,2025-03-16,16:15,16:57,17:30,17:56,Completed
1225,108,11,4,2025-02-04,10:45,10:41,11:01,11:37,Completed
1226,241,3,6,2025-01-02,12:15,12:35,12:41,13:25,Completed
1227,49,2,6,2025-06-09,15:15,,,,Cancelled
1228,177,21,2,2025-01-04,11:30,12:01,12:28,12:57,Completed
1229,393,13,6,2025-03-07,16:15,16:19,16:56,17:15,Completed
1230,111,9,6,2025-02-15,12:00,12:11,12:44,13:18,Completed
1231,396,19,1,2025-06-04,12:45,13:06,13:16,13:26,Completed
1232,111,3,6,2025-06-07,10:15,10:31,11:01,11:11,Completed
1233,459,2,6,2025-02-05,16:45,17:34,18:04,18:34,Completed
1234,390,4,5,2025-03-03,16:45,17:28,17:52,18:32,Completed
1235,430,17,1,2025-03-23,16:00,16:22,16:32,16:59,Completed
1236,431,14,4,2025-05-24,15:45,,,,Cancelled
1237,334,12,5,2025-02-15,08:30,09:24,09:46,10:23,Completed
1238,287,7,2,2025-04-08,13:15,13:11,13:23,14:01,Completed
1239,100,1,1,2025-05-31,12:30,12:37,13:00,13:26,Completed
1240,7,20,5,2025-03-11,08:30,,,,No Show
1241,361,9,6,2025-03-12,08:00,08:55,09:33,10:12,Completed
1242,243,24,4,2025-06-15,16:00,15:59,16:22,16:33,Completed
1243,366,5,4,2025-06-30,10:15,10:20,10:46,11:03,Completed
1244,327,23,2,2025-01-16,13:00,13:30,13:42,13:53,Completed
1245,345,11,4,2025-02-13,13:00,13:46,14:12,14:25,Completed
1246,423,25,4,2025-05-09,10:30,10:35,10:46,11:24,Completed
1247,312,7,2,2025-06-26,16:45,17:02,17:42,17:52,Completed
1248,288,12,5,2025-01-31,13:45,13:51,14:27,15:06,Completed
1249,471,3,6,2025-02-16,09:15,09:50,10:27,10:38,Completed
1250,404,1,1,2025-02-25,13:45,13:50,14:05,14:34,Completed
1251,329,7,2,2025-02-03,12:00,12:43,13:01,13:22,Completed
1252,290,11,4,2025-04-16,11:15,,,,No Show
1253,133,23,2,2025-04-23,12:00,12:57,13:19,13:52,Completed
1254,329,17,1,2025-04-26,10:00,10:44,10:53,11:37,Completed
1255,360,14,4,2025-03-30,12:15,12:53,13:25,14:10,Completed
1256,407,9,6,2025-01-24,16:15,16:43,16:56,17:35,Completed
1257,473,4,5,2025-05-13,10:45,10:57,11:26,11:56,Completed
1258,194,22,5,2025-05-31,08:30,,,,Cancelled
1259,5,6,6,2025-04-18,15:30,,,,Cancelled
1260,157,6,6,2025-04-30,16:15,16:12,16:40,17:19,Completed
1261,356,14,4,2025-04-13,15:15,15:42,16:05,16:36,Completed
1262,206,10,4,2025-01-11,11:00,,,,No Show
1263,206,19,1,2025-01-08,10:15,10:48,11:26,12:09,Completed
1264,498,19,1,2025-02-05,10:30,10:31,10:36,11:05,Completed
1265,73,12,5,2025-04-28,14:15,15:08,15:08,15:27,Completed
1266,89,10,4,2025-03-20,09:15,09:40,09:53,10:30,Completed
1267,126,5,4,2025-06-25,16:30,16:25,16:55,17:15,Completed
1268,242,18,2,2025-06-25,14:15,15:10,15:34,16:13,Completed
1269,391,4,5,2025-04-10,10:30,,,,Cancelled
1270,420,22,5,2025-04-19,14:00,14:39,15:10,15:21,Completed
1271,312,6,6,2025-03-02,13:30,14:08,14:40,14:50,Completed
1272,385,13,6,2025-01-20,11:15,12:13,12:25,12:37,Completed
1273,223,3,6,2025-03-28,14:15,15:04,15:13,15:41,Completed
1274,346,16,3,2025-01-09,12:45,13:02,13:12,13:47,Completed
1275,428,4,5,2025-04-30,09:30,09:37,10:02,10:12,Completed
1276,66,19,1,2025-05-10,14:45,14:41,15:12,15:47,Completed
1277,28,10,4,2025-04-19,12:00,12:52,13:24,13:57,Completed
1278,365,11,4,2025-05-17,13:00,13:17,13:44,14:28,Completed
1279,446,22,5,2025-01-21,10:00,10:38,11:15,11:41,Completed
1280,417,20,5,2025-04-27,14:00,14:54,15:12,15:24,Completed
1281,251,15,5,2025-04-04,08:30,08:57,09:24,09:55,Completed
1282,393,1,1,2025-05-19,12:15,12:47,13:09,13:45,Completed
1283,167,10,4,2025-06-12,08:00,08:40,08:42,09:26,Completed
1284,128,6,6,2025-01-22,16:00,16:11,16:20,17:01,Completed
1285,141,12,5,2025-04-28,11:45,11:45,11:49,12:19,Completed
1286,76,20,5,2025-06-13,09:45,,,,Cancelled
1287,384,10,4,2025-04-19,14:00,14:18,14:34,14:49,Completed
1288,222,4,5,2025-02-19,12:30,13:30,14:04,14:29,Completed
1289,26,12,5,2025-05-27,15:15,16:05,16:22,16:43,Completed
1290,344,2,6,2025-06-04,14:15,14:46,15:03,15:13,Completed
1291,10,14,4,2025-06-18,10:30,10:59,11:28,11:58,Completed
1292,116,1,1,2025-03-25,11:00,11:31,12:09,12:48,Completed
1293,326,20,5,2025-03-26,16:45,17:40,18:15,18:25,Completed
1294,164,12,5,2025-04-24,10:45,11:43,11:56,12:40,Completed
1295,345,13,6,2025-03-07,14:00,14:05,14:45,15:26,Completed
1296,177,3,6,2025-02-23,16:30,17:03,17:21,17:51,Completed
1297,240,1,1,2025-02-09,10:30,11:20,11:46,11:57,Completed
1298,146,18,2,2025-05-06,11:45,11:56,12:20,12:37,Completed
1299,112,7,2,2025-01-29,12:15,12:30,12:55,13:40,Completed
1300,385,7,2,2025-04-18,12:30,13:11,13:51,14:07,Completed
1301,352,21,2,2025-06-12,13:45,14:08,14:33,15:14,Completed
1302,147,15,5,2025-02-10,10:45,11:16,11:16,12:00,Completed
1303,391,15,5,2025-06-17,10:00,,,,No Show
1304,211,7,2,2025-06-12,08:15,,,,No Show
1305,307,19,1,2025-04-15,08:30,08:56,09:06,09:46,Completed
1306,488,12,5,2025-01-06,14:15,14:30,14:59,15:32,Completed
1307,123,6,6,2025-05-01,11:30,,,,Cancelled
1308,106,19,1,2025-04-29,15:15,,,,No Show
1309,257,21,2,2025-01-29,13:15,13:41,14:10,14:24,Completed
1310,17,22,5,2025-06-23,14:45,,,,No Show
1311,453,23,2,2025-05-18,09:00,09:51,10:21,10:34,Completed
1312,204,24,4,2025-01-11,13:45,14:45,15:25,16:03,Completed
1313,64,4,5,2025-02-07,12:00,12:16,12:39,13:15,Completed
1314,73,8,3,2025-05-04,11:30,11:37,11:58,12:12,Completed
1315,364,16,3,2025-03-04,12:30,13:02,13:30,14:01,Completed
1316,359,9,6,2025-05-26,12:00,12:12,12:21,13:04,Completed
1317,114,12,5,2025-05-25,13:30,14:04,14:14,14:43,Completed
1318,226,22,5,2025-03-17,10:15,,,,Cancelled
1319,132,21,2,2025-02-28,08:15,08:48,08:57,09:07,Completed
1320,370,17,1,2025-05-13,14:45,15:01,15:23,15:42,Completed
1321,257,11,4,2025-05-14,13:45,14:42,14:52,15:35,Completed
1322,248,13,6,2025-01-04,09:30,09:53,10:12,10:35,Completed
1323,143,20,5,2025-01-31,11:30,12:28,12:57,13:07,Completed
1324,434,17,1,2025-02-28,11:30,,,,No Show
1325,260,3,6,2025-03-11,16:00,16:02,16:30,17:13,Completed
1326,132,24,4,2025-02-16,11:15,,,,No Show
1327,137,18,2,2025-03-13,09:15,09:18,09:26,10:09,Completed
1328,107,8,3,2025-03-04,15:45,15:52,16:26,16:39,Completed
1329,325,3,6,2025-02-20,15:00,15:51,15:56,16:36,Completed
1330,278,19,1,2025-02-25,15:30,,,,Cancelled
1331,58,24,4,2025-04-24,11:45,11:40,11:56,12:32,Completed
1332,253,21,2,2025-02-15,13:45,14:45,15:03,15:32,Completed
1333,273,8,3,2025-03-29,12:30,13:21,13:28,13:49,Completed
1334,164,17,1,2025-05-01,15:15,15:32,15:36,16:13,Completed
1335,49,15,5,2025-03-29,16:15,16:34,16:40,17:04,Completed
1336,257,10,4,2025-03-23,16:45,16:53,17:12,17:35,Completed
1337,80,11,4,2025-02-10,11:45,12:01,12:11,12:31,Completed
1338,265,16,3,2025-06-17,14:30,,,,Cancelled
1339,428,10,4,2025-04-05,10:30,11:07,11:29,11:59,Completed
1340,218,19,1,2025-04-11,14:00,14:46,14:49,15:25,Completed
1341,413,5,4,2025-04-27,12:00,12:20,12:33,12:59,Completed
1342,192,1,1,2025-03-24,14:45,15:21,15:56,16:41,Completed
1343,409,7,2,2025-06-08,16:45,17:15,17:21,17:35,Completed
1344,167,24,4,2025-05-03,15:00,15:44,16:15,16:40,Completed
1345,311,19,1,2025-04-07,08:00,08:02,08:42,09:13,Completed
1346,190,15,5,2025-03-14,09:45,,,,No Show
1347,376,14,4,2025-02-08,10:30,10:50,11:25,11:40,Completed
1348,168,19,1,2025-05-20,12:30,,,,Cancelled
1349,359,23,2,2025-03-22,13:45,14:07,14:18,14:48,Completed
1350,236,12,5,2025-03-27,11:30,11:57,12:35,12:46,Completed
1351,329,14,4,2025-04-20,14:45,,,,Cancelled
1352,263,12,5,2025-01-05,14:00,14:59,15:19,16:03,Completed
1353,295,11,4,2025-06-12,09:00,09:06,09:41,09:58,Completed
1354,409,17,1,2025-01-23,15:15,15:19,15:46,16:13,Completed
1355,456,24,4,2025-02-08,13:00,13:18,13:54,14:25,Completed
1356,400,23,2,2025-04-21,08:45,09:17,09:17,09:51,Completed
1357,116,11,4,2025-04-20,10:30,10:53,11:30,12:00,Completed
1358,335,22,5,2025-02-21,13:15,13:34,13:43,14:06,Completed
1359,52,1,1,2025-05-17,08:15,,,,Cancelled
1360,476,8,3,2025-06-18,11:15,,,,No Show
1361,120,7,2,2025-04-01,08:15,09:06,09:13,09:47,Completed
1362,445,24,4,2025-02-23,14:00,14:52,15:20,15:55,Completed
1363,395,13,6,2025-06-01,09:00,09:17,09:49,10:32,Completed
1364,388,7,2,2025-01-31,15:30,16:05,16:31,16:53,Completed
1365,47,17,1,2025-04-03,15:30,16:30,16:37,17:16,Completed
1366,195,14,4,2025-04-13,09:30,10:11,10:30,10:44,Completed
1367,435,21,2,2025-03-18,11:00,,,,No Show
1368,141,24,4,2025-06-15,13:00,13:13,13:28,13:49,Completed
1369,66,17,1,2025-02-09,10:45,,,,Cancelled
1370,339,10,4,2025-04-06,14:15,,,,Cancelled
1371,495,5,4,2025-06-21,10:30,10:39,10:49,11:00,Completed
1372,157,13,6,2025-06-10,13:30,14:06,14:07,14:18,Completed
1373,456,16,3,2025-01-09,10:45,10:45,11:19,11:53,Completed
1374,370,17,1,2025-02-13,10:00,09:56,10:18,10:42,Completed
1375,34,4,5,2025-05-02,15:45,16:36,16:44,16:54,Completed
1376,241,9,6,2025-02-02,13:30,13:37,14:07,14:48,Completed
1377,437,19,1,2025-02-20,10:15,11:15,11:23,11:42,Completed
1378,43,24,4,2025-01-25,14:30,14:38,14:53,15:17,Completed
1379,374,22,5,2025-03-19,13:45,14:14,14:22,14:52,Completed
1380,339,5,4,2025-05-29,08:45,08:46,08:58,09:19,Completed
1381,325,2,6,2025-03-02,10:45,11:21,11:21,12:01,Completed
1382,177,7,2,2025-06-10,14:45,15:07,15:36,16:02,Completed
1383,61,24,4,2025-03-13,16:30,17:08,17:19,17:45,Completed
1384,447,16,3,2025-05-21,15:00,15:38,16:11,16:37,Completed
1385,188,14,4,2025-06-14,08:15,08:22,08:36,09:15,Completed
1386,62,18,2,2025-03-17,10:30,11:04,11:32,12:09,Completed
1387,482,3,6,2025-05-10,10:45,11:45,11:57,12:16,Completed
1388,114,25,4,2025-01-05,11:30,11:44,12:20,13:03,Completed
1389,410,18,2,2025-04-03,16:15,16:31,16:54,17:14,Completed
1390,85,21,2,2025-06-12,11:15,12:04,12:16,12:43,Completed
1391,497,13,6,2025-03-17,14:45,15:40,16:09,16:39,Completed
1392,481,10,4,2025-01-01,09:30,10:04,10:17,10:31,Completed
1393,211,5,4,2025-02-06,15:15,15:41,16:06,16:26,Completed
1394,201,19,1,2025-02-19,11:30,11:34,11:48,12:15,Completed
1395,206,4,5,2025-05-30,10:15,11:06,11:15,11:42,Completed
1396,6,21,2,2025-01-31,16:30,16:38,17:18,17:58,Completed
1397,225,10,4,2025-02-01,16:45,,,,Cancelled
1398,487,2,6,2025-04-08,12:00,,,,Cancelled
1399,355,16,3,2025-03-16,11:00,11:06,11:44,12:17,Completed
1400,436,22,5,2025-05-07,14:45,,,,Cancelled
1401,144,24,4,2025-03-12,12:30,13:18,13:34,14:06,Completed
1402,52,23,2,2025-05-05,11:45,12:08,12:45,13:22,Completed
1403,54,25,4,2025-05-05,16:45,17:28,17:30,17:46,Completed
1404,407,21,2,2025-01-26,09:00,09:25,09:48,10:24,Completed
1405,368,24,4,2025-01-11,13:45,14:38,15:14,15:57,Completed
1406,205,21,2,2025-04-21,08:15,08:33,08:34,09:05,Completed
1407,472,14,4,2025-01-08,15:30,,,,No Show
1408,128,9,6,2025-04-25,08:30,09:23,10:03,10:29,Completed
1409,83,7,2,2025-05-23,16:30,17:16,17:38,17:59,Completed
1410,439,3,6,2025-03-27,13:15,,,,Cancelled
1411,47,21,2,2025-04-14,13:45,14:03,14:27,14:49,Completed
1412,363,16,3,2025-03-31,13:45,14:26,14:36,14:56,Completed
1413,58,7,2,2025-05-29,12:30,12:47,13:12,13:26,Completed
1414,47,23,2,2025-06-03,14:30,14:43,15:04,15:48,Completed
1415,69,13,6,2025-01-27,12:00,12:36,12:50,13:28,Completed
1416,126,18,2,2025-02-09,12:00,12:58,13:12,13:36,Completed
1417,116,15,5,2025-06-15,11:15,,,,No Show
1418,440,20,5,2025-05-04,15:45,16:04,16:30,16:51,Completed
1419,298,13,6,2025-06-10,14:30,15:11,15:27,16:04,Completed
1420,461,8,3,2025-03-23,16:30,,,,Cancelled
1421,360,8,3,2025-05-18,10:00,10:59,11:29,12:13,Completed
1422,414,20,5,2025-02-28,13:15,14:09,14:26,14:39,Completed
1423,225,16,3,2025-06-01,14:00,14:16,14:17,15:02,Completed
1424,333,2,6,2025-03-30,15:15,,,,No Show
1425,142,19,1,2025-03-06,08:45,09:35,09:43,10:18,Completed
1426,232,10,4,2025-05-18,12:30,,,,Cancelled
1427,74,25,4,2025-05-19,13:00,13:01,13:23,13:40,Completed
1428,37,20,5,2025-01-17,16:45,,,,No Show
1429,397,25,4,2025-02-15,10:00,10:58,11:05,11:36,Completed
1430,485,13,6,2025-05-27,14:45,15:28,15:58,16:16,Completed
1431,94,4,5,2025-03-21,13:15,14:05,14:21,15:02,Completed
1432,134,13,6,2025-02-21,11:30,11:35,11:56,12:34,Completed
1433,269,9,6,2025-01-06,08:00,08:42,08:48,09:08,Completed
1434,271,1,1,2025-01-02,13:45,,,,Cancelled
1435,490,6,6,2025-02-18,15:15,,,,Cancelled
1436,468,5,4,2025-06-03,13:15,14:06,14:17,14:59,Completed
1437,420,15,5,2025-01-08,08:00,08:34,08:52,09:08,Completed
1438,93,19,1,2025-05-13,10:00,,,,No Show
1439,472,11,4,2025-04-27,16:45,17:37,17:44,18:29,Completed
1440,127,12,5,2025-02-06,11:45,12:04,12:29,12:41,Completed
1441,470,16,3,2025-06-18,09:00,09:36,10:09,10:53,Completed
1442,388,18,2,2025-06-14,11:30,12:06,12:14,12:52,Completed
1443,150,21,2,2025-04-20,14:45,15:28,15:33,16:14,Completed
1444,54,11,4,2025-05-24,15:45,16:19,16:50,17:18,Completed
1445,358,2,6,2025-05-16,08:15,08:21,08:40,09:24,Completed
1446,161,24,4,2025-01-13,16:00,16:01,16:20,16:54,Completed
1447,494,18,2,2025-01-14,14:15,,,,Cancelled
1448,51,15,5,2025-02-17,11:30,11:34,11:47,12:28,Completed
1449,328,20,5,2025-01-04,08:45,09:06,09:13,09:41,Completed
1450,124,22,5,2025-03-26,10:45,11:09,11:32,12:07,Completed
1451,73,20,5,2025-03-05,12:45,13:19,13:32,13:59,Completed
1452,6,14,4,2025-04-16,14:30,14:49,15:20,15:46,Completed
1453,321,23,2,2025-04-12,08:45,08:56,09:10,09:24,Completed
1454,60,6,6,2025-05-06,09:15,,,,No Show
1455,367,23,2,2025-04-12,12:30,13:01,13:37,14:03,Completed
1456,62,13,6,2025-02-21,09:45,,,,No Show
1457,241,16,3,2025-01-28,09:15,09:14,09:38,09:59,Completed
1458,356,3,6,2025-03-03,14:30,15:21,15:30,16:08,Completed
1459,22,22,5,2025-05-09,11:15,,,,Cancelled
1460,175,9,6,2025-02-14,13:45,14:05,14:08,14:43,Completed
1461,485,10,4,2025-05-10,09:15,09:33,10:13,10:35,Completed
1462,370,15,5,2025-01-07,15:00,15:26,16:04,16:47,Completed
1463,83,5,4,2025-05-21,13:00,13:09,13:13,13:49,Completed
1464,9,20,5,2025-02-13,13:30,13:29,13:38,13:54,Completed
1465,4,13,6,2025-01-01,08:45,08:55,09:09,09:21,Completed
1466,38,1,1,2025-06-16,15:45,16:16,16:55,17:29,Completed
1467,384,8,3,2025-06-24,15:30,16:09,16:49,17:28,Completed
1468,461,5,4,2025-04-27,16:30,16:53,17:02,17:30,Completed
1469,90,13,6,2025-03-07,10:30,10:27,10:54,11:23,Completed
1470,236,14,4,2025-05-19,11:45,11:56,12:36,13:08,Completed
1471,208,14,4,2025-04-17,15:45,16:36,17:00,17:39,Completed
1472,167,22,5,2025-04-13,10:15,10:41,10:54,11:16,Completed
1473,486,24,4,2025-06-18,13:45,14:32,14:55,15:24,Completed
1474,73,16,3,2025-01-28,16:45,17:18,17:57,18:33,Completed
1475,112,11,4,2025-05-22,10:45,11:35,11:46,12:24,Completed
1476,106,13,6,2025-05-26,10:30,10:44,11:09,11:31,Completed
1477,163,15,5,2025-03-04,10:45,11:20,11:59,12:42,Completed
1478,449,2,6,2025-06-23,09:00,,,,Cancelled
1479,446,2,6,2025-03-26,09:30,,,,No Show
1480,158,3,6,2025-04-03,13:45,14:40,15:01,15:22,Completed
1481,52,18,2,2025-02-10,10:15,,,,Cancelled
1482,210,6,6,2025-05-24,16:45,17:15,17:30,17:47,Completed
1483,76,15,5,2025-01-25,08:15,08:58,09:28,10:02,Completed
1484,393,1,1,2025-05-31,13:45,,,,No Show
1485,485,22,5,2025-05-26,13:30,13:35,13:58,14:12,Completed
1486,320,10,4,2025-06-23,14:15,14:24,14:36,15:06,Completed
1487,406,3,6,2025-04-01,15:00,,,,Cancelled
1488,99,17,1,2025-03-13,16:00,16:57,17:17,17:37,Completed
1489,123,23,2,2025-03-20,12:45,13:35,13:56,14:08,Completed
1490,389,22,5,2025-04-28,09:30,09:29,09:37,09:47,Completed
1491,10,10,4,2025-04-08,11:45,12:28,12:52,13:04,Completed
1492,139,23,2,2025-04-07,13:30,14:30,14:57,15:33,Completed
1493,68,12,5,2025-03-08,16:15,17:12,17:30,17:57,Completed
1494,231,22,5,2025-01-22,13:00,12:57,13:05,13:21,Completed
1495,91,12,5,2025-01-17,10:15,10:21,10:25,10:35,Completed
1496,378,11,4,2025-06-08,09:15,10:08,10:48,11:19,Completed
1497,55,20,5,2025-02-01,08:15,08:35,08:40,09:01,Completed
1498,488,3,6,2025-01-01,14:15,14:36,14:39,14:54,Completed
1499,321,17,1,2025-02-19,15:15,16:13,16:51,17:12,Completed
1500,375,22,5,2025-06-01,08:45,09:03,09:35,09:45,Completed
1501,499,7,2,2025-03-09,10:15,10:25,10:29,10:51,Completed
1502,165,25,4,2025-02-28,10:45,11:17,11:55,12:31,Completed
1503,147,7,2,2025-04-20,12:30,12:55,13:28,13:38,Completed
1504,496,22,5,2025-03-06,12:15,12:18,12:21,12:35,Completed
1505,463,24,4,2025-01-16,14:00,14:52,14:52,15:07,Completed
1506,395,12,5,2025-06-28,09:30,10:05,10:33,11:05,Completed
1507,246,12,5,2025-05-08,12:45,13:20,13:54,14:16,Completed
1508,88,2,6,2025-06-26,13:45,,,,Cancelled
1509,434,13,6,2025-04-29,15:45,15:59,16:08,16:42,Completed
1510,13,5,4,2025-03-23,14:15,15:01,15:24,15:34,Completed
1511,419,22,5,2025-02-14,10:15,10:37,10:43,10:54,Completed
1512,77,9,6,2025-03-28,11:00,11:58,12:23,12:43,Completed
1513,490,18,2,2025-03-13,11:15,12:12,12:50,13:31,Completed
1514,486,6,6,2025-05-05,08:30,08:38,08:42,09:12,Completed
1515,312,10,4,2025-02-06,11:45,12:07,12:33,13:14,Completed
1516,158,21,2,2025-02-10,13:30,14:19,14:58,15:15,Completed
1517,272,10,4,2025-03-29,13:15,13:57,14:33,15:13,Completed
1518,229,12,5,2025-04-17,11:15,11:51,12:05,12:35,Completed
1519,462,16,3,2025-03-13,16:30,,,,No Show
1520,401,21,2,2025-05-27,11:15,,,,Cancelled
1521,161,17,1,2025-01-25,14:15,14:51,14:56,15:39,Completed
1522,309,24,4,2025-03-10,09:45,10:29,10:41,11:08,Completed
1523,187,25,4,2025-01-16,15:15,15:38,16:18,16:28,Completed
1524,423,20,5,2025-05-04,16:15,,,,No Show
1525,310,18,2,2025-02-21,11:00,11:32,11:35,11:57,Completed
1526,259,10,4,2025-03-05,14:45,14:41,15:00,15:26,Completed
1527,152,1,1,2025-01-08,14:00,14:42,15:11,15:30,Completed
1528,196,18,2,2025-02-10,15:30,15:38,15:55,16:34,Completed
1529,362,20,5,2025-04-27,12:15,12:26,12:46,12:57,Completed
1530,445,11,4,2025-05-22,15:30,15:43,16:03,16:37,Completed
1531,322,14,4,2025-06-15,13:45,14:02,14:22,14:34,Completed
1532,166,19,1,2025-05-26,08:00,,,,Cancelled
1533,72,5,4,2025-01-27,16:15,,,,No Show
1534,174,3,6,2025-04-16,13:00,13:58,14:23,15:07,Completed
1535,214,21,2,2025-04-12,10:00,10:21,10:49,11:09,Completed
1536,467,9,6,2025-02-28,11:00,10:58,11:01,11:25,Completed
1537,22,8,3,2025-03-01,10:15,11:14,11:34,12:04,Completed
1538,325,22,5,2025-04-12,08:30,09:28,09:29,10:05,Completed
1539,21,7,2,2025-05-31,08:15,08:39,09:16,09:57,Completed
1540,360,3,6,2025-05-29,13:15,14:00,14:13,14:32,Completed
1541,469,21,2,2025-06-09,12:30,13:12,13:44,14:18,Completed
1542,104,25,4,2025-06-05,12:30,12:50,13:10,13:36,Completed
1543,334,10,4,2025-04-26,08:45,09:45,10:10,10:33,Completed
1544,22,13,6,2025-01-28,11:15,11:48,12:01,12:30,Completed
1545,28,21,2,2025-06-10,11:30,11:52,12:24,12:35,Completed
1546,111,6,6,2025-03-27,11:45,,,,No Show
1547,309,25,4,2025-02-12,15:45,16:16,16:31,16:45,Completed
1548,453,1,1,2025-01-08,08:00,08:30,08:30,08:59,Completed
1549,374,19,1,2025-02-10,09:00,,,,No Show
1550,380,12,5,2025-01-20,12:45,,,,Cancelled
1551,155,5,4,2025-03-09,15:15,,,,Cancelled
1552,478,16,3,2025-02-14,08:00,,,,Cancelled
1553,297,23,2,2025-05-23,12:30,12:27,13:03,13:43,Completed
1554,355,5,4,2025-02-25,09:45,10:28,10:29,10:41,Completed
1555,426,15,5,2025-04-16,10:00,10:00,10:04,10:31,Completed
1556,369,16,3,2025-02-21,12:00,12:29,12:41,13:06,Completed
1557,415,1,1,2025-06-16,08:45,09:42,09:56,10:09,Completed
1558,46,20,5,2025-04-05,15:45,16:00,16:23,16:56,Completed
1559,277,5,4,2025-03-24,13:45,14:02,14:39,15:14,Completed
1560,178,25,4,2025-03-16,10:45,11:32,11:55,12:32,Completed
1561,130,5,4,2025-03-27,13:45,,,,Cancelled
1562,176,17,1,2025-06-10,10:30,,,,No Show
1563,406,7,2,2025-06-27,14:00,14:48,14:55,15:37,Completed
1564,267,4,5,2025-05-28,08:30,08:46,09:00,09:31,Completed
1565,167,24,4,2025-04-06,16:45,17:30,17:44,18:16,Completed
1566,353,25,4,2025-01-28,11:45,,,,Cancelled
1567,497,17,1,2025-01-28,15:15,15:19,15:38,16:03,Completed
1568,156,7,2,2025-05-19,09:15,09:13,09:14,09:25,Completed
1569,107,6,6,2025-06-24,09:00,09:27,09:55,10:12,Completed
1570,184,22,5,2025-04-14,08:30,09:08,09:32,10:05,Completed
1571,220,20,5,2025-05-31,15:00,15:57,15:59,16:40,Completed
1572,16,9,6,2025-06-29,15:45,,,,Cancelled
1573,351,16,3,2025-01-07,14:00,14:57,15:02,15:42,Completed
1574,48,3,6,2025-03-04,09:45,10:28,10:49,11:14,Completed
1575,241,2,6,2025-03-24,12:45,13:07,13:46,14:22,Completed
1576,351,5,4,2025-06-01,08:45,08:48,09:20,09:41,Completed
1577,357,19,1,2025-04-10,16:00,16:27,17:04,17:21,Completed
1578,252,6,6,2025-04-26,12:15,12:15,12:33,13:04,Completed
1579,352,5,4,2025-01-20,11:45,12:42,12:57,13:07,Completed
1580,382,21,2,2025-02-15,14:00,14:33,14:44,15:08,Completed
1581,350,19,1,2025-05-07,11:45,11:54,12:00,12:20,Completed
1582,380,20,5,2025-05-25,08:45,09:43,10:06,10:43,Completed
1583,269,23,2,2025-04-05,16:00,16:48,17:18,17:30,Completed
1584,286,23,2,2025-04-19,09:00,09:06,09:22,09:54,Completed
1585,260,8,3,2025-02-05,09:00,09:15,09:20,09:41,Completed
1586,229,22,5,2025-05-20,13:30,14:26,14:30,14:51,Completed
1587,60,18,2,2025-01-11,11:15,11:28,11:47,12:05,Completed
1588,201,1,1,2025-04-06,08:00,08:09,08:42,09:09,Completed
1589,5,10,4,2025-02-05,13:15,14:11,14:24,14:46,Completed
1590,245,16,3,2025-02-24,09:15,,,,Cancelled
1591,37,5,4,2025-06-20,10:15,,,,No Show
1592,38,19,1,2025-02-12,11:45,12:26,12:40,13:06,Completed
1593,386,14,4,2025-01-11,13:45,13:43,13:55,14:28,Completed
1594,311,8,3,2025-02-02,15:45,16:00,16:15,16:58,Completed
1595,396,3,6,2025-04-21,08:45,08:48,09:23,09:38,Completed
1596,398,5,4,2025-06-14,08:30,09:00,09:25,09:52,Completed
1597,414,11,4,2025-03-19,16:30,17:04,17:34,18:16,Completed
1598,388,23,2,2025-05-31,16:15,17:10,17:31,17:46,Completed
1599,500,11,4,2025-05-17,16:00,,,,Cancelled
1600,448,10,4,2025-06-02,16:15,16:50,17:10,17:35,Completed
1601,179,10,4,2025-02-19,13:45,14:15,14:31,15:08,Completed
1602,97,25,4,2025-06-06,10:30,10:49,11:12,11:56,Completed
1603,105,15,5,2025-05-29,16:15,16:25,16:43,17:08,Completed
1604,405,21,2,2025-03-28,10:45,11:27,11:42,12:17,Completed
1605,139,19,1,2025-04-28,16:30,16:43,16:59,17:13,Completed
1606,495,13,6,2025-05-21,14:00,,,,Cancelled
1607,233,18,2,2025-05-30,12:45,,,,No Show
1608,322,16,3,2025-06-02,09:45,10:35,10:59,11:29,Completed
1609,93,4,5,2025-04-03,08:00,08:03,08:20,08:36,Completed
1610,138,5,4,2025-01-25,14:15,14:15,14:51,15:04,Completed
1611,173,20,5,2025-03-12,12:45,13:10,13:24,13:48,Completed
1612,293,25,4,2025-03-10,16:30,16:55,17:04,17:15,Completed
1613,163,25,4,2025-02-26,10:45,,,,No Show
1614,47,19,1,2025-06-07,12:45,12:55,13:01,13:26,Completed
1615,114,8,3,2025-04-28,10:15,10:38,10:55,11:11,Completed
1616,344,10,4,2025-04-22,14:45,15:07,15:21,15:37,Completed
1617,210,23,2,2025-04-24,15:15,15:59,16:38,17:12,Completed
1618,392,9,6,2025-02-22,15:45,16:23,16:43,16:54,Completed
1619,316,13,6,2025-04-24,11:30,11:43,11:47,12:21,Completed
1620,207,7,2,2025-02-25,13:30,14:16,14:33,14:58,Completed
1621,461,8,3,2025-04-08,15:00,15:26,15:30,16:08,Completed
1622,12,13,6,2025-05-27,13:30,14:13,14:14,14:55,Completed
1623,229,14,4,2025-01-23,14:30,15:09,15:23,15:50,Completed
1624,134,16,3,2025-02-10,10:15,10:35,10:37,11:11,Completed
1625,390,8,3,2025-01-24,10:00,10:01,10:17,10:32,Completed
1626,131,15,5,2025-02-08,12:15,13:05,13:22,13:43,Completed
1627,160,6,6,2025-05-14,09:15,09:21,10:00,10:13,Completed
1628,401,24,4,2025-02-15,12:45,13:34,13:44,14:09,Completed
1629,493,7,2,2025-06-04,09:00,09:07,09:24,09:45,Completed
1630,399,15,5,2025-05-22,13:15,13:29,14:03,14:24,Completed
1631,5,11,4,2025-02-13,12:00,12:59,13:31,13:44,Completed
1632,86,2,6,2025-05-01,10:15,10:40,11:18,11:51,Completed
1633,143,15,5,2025-03-04,15:15,15:24,15:39,15:59,Completed
1634,387,2,6,2025-01-18,14:15,14:10,14:28,15:07,Completed
1635,251,22,5,2025-04-12,16:45,17:39,18:12,18:44,Completed
1636,296,23,2,2025-04-14,12:45,13:01,13:33,14:14,Completed
1637,19,7,2,2025-01-19,13:30,13:39,14:17,14:53,Completed
1638,154,12,5,2025-01-07,13:45,14:05,14:06,14:29,Completed
1639,327,25,4,2025-02-07,15:15,15:48,16:13,16:38,Completed
1640,462,8,3,2025-04-23,12:45,13:31,14:00,14:39,Completed
1641,105,15,5,2025-02-03,14:00,14:26,14:35,14:51,Completed
1642,28,12,5,2025-04-30,14:45,14:49,15:27,15:55,Completed
1643,263,18,2,2025-05-03,08:45,08:48,09:10,09:41,Completed
1644,473,17,1,2025-02-12,08:00,08:13,08:48,09:15,Completed
1645,261,7,2,2025-06-11,16:30,16:28,16:56,17:31,Completed
1646,314,15,5,2025-03-30,13:30,14:12,14:15,14:58,Completed
1647,453,15,5,2025-05-05,14:00,,,,Cancelled
1648,194,11,4,2025-06-19,15:30,15:43,15:52,16:14,Completed
1649,197,9,6,2025-04-11,11:00,,,,No Show
1650,100,14,4,2025-05-26,11:45,11:59,12:26,13:11,Completed
1651,470,7,2,2025-01-01,09:15,09:14,09:30,10:10,Completed
1652,113,15,5,2025-02-12,15:00,15:05,15:34,16:05,Completed
1653,191,16,3,2025-03-08,16:30,17:06,17:39,17:58,Completed
1654,428,23,2,2025-05-31,16:30,16:56,17:10,17:21,Completed
1655,140,11,4,2025-05-11,12:45,13:31,13:34,14:03,Completed
1656,132,4,5,2025-02-07,16:15,,,,Cancelled
1657,475,4,5,2025-06-28,16:30,17:17,17:42,18:18,Completed
1658,154,3,6,2025-03-04,10:45,10:48,11:08,11:21,Completed
1659,418,14,4,2025-02-09,14:45,14:43,15:04,15:37,Completed
1660,121,16,3,2025-05-06,14:15,15:01,15:28,15:53,Completed
1661,313,6,6,2025-03-28,10:30,11:13,11:18,11:34,Completed
1662,408,24,4,2025-01-03,10:45,,,,No Show
1663,2,16,3,2025-02-15,08:15,08:47,09:10,09:42,Completed
1664,45,2,6,2025-02-12,12:30,,,,No Show
1665,315,1,1,2025-02-19,10:45,11:42,11:48,12:15,Completed
1666,316,17,1,2025-01-19,12:15,12:18,12:47,13:13,Completed
1667,398,23,2,2025-05-12,09:45,10:08,10:26,10:38,Completed
1668,174,22,5,2025-02-11,15:45,16:25,16:57,17:26,Completed
1669,362,13,6,2025-04-18,11:30,12:06,12:19,12:44,Completed
1670,361,5,4,2025-01-10,09:00,,,,No Show
1671,65,5,4,2025-01-19,12:30,13:05,13:42,14:07,Completed
1672,223,14,4,2025-02-01,16:30,16:51,17:21,17:33,Completed
1673,201,7,2,2025-03-30,09:00,08:59,09:15,09:49,Completed
1674,255,15,5,2025-06-18,14:30,15:22,15:30,16:00,Completed
1675,363,14,4,2025-06-18,13:15,13:10,13:20,13:46,Completed
1676,250,11,4,2025-02-07,08:15,,,,No Show
1677,465,7,2,2025-02-16,14:00,13:56,14:36,15:09,Completed
1678,410,20,5,2025-04-06,13:00,13:08,13:38,14:20,Completed
1679,76,11,4,2025-06-24,16:30,17:15,17:48,18:10,Completed
1680,487,24,4,2025-01-11,15:30,16:23,16:25,16:53,Completed
1681,209,19,1,2025-06-10,09:45,,,,Cancelled
1682,428,19,1,2025-02-27,15:30,16:03,16:05,16:29,Completed
1683,297,9,6,2025-04-12,12:00,,,,No Show
1684,231,8,3,2025-04-12,08:45,08:46,08:50,09:17,Completed
1685,461,18,2,2025-04-17,08:30,08:31,09:02,09:25,Completed
1686,283,10,4,2025-01-30,11:45,12:22,12:33,13:17,Completed
1687,8,22,5,2025-04-20,09:30,09:56,10:26,10:37,Completed
1688,477,24,4,2025-03-08,10:30,,,,Cancelled
1689,105,24,4,2025-02-11,13:00,13:31,13:50,14:34,Completed
1690,328,3,6,2025-01-20,10:00,09:55,10:10,10:24,Completed
1691,407,25,4,2025-03-11,10:00,10:52,11:13,11:30,Completed
1692,428,25,4,2025-05-17,15:00,15:56,16:35,17:02,Completed
1693,183,3,6,2025-04-01,10:45,11:04,11:38,12:04,Completed
1694,467,20,5,2025-01-23,09:15,09:28,09:49,10:09,Completed
1695,354,18,2,2025-02-19,15:30,15:28,15:49,16:23,Completed
1696,222,4,5,2025-05-12,14:15,14:31,14:43,15:23,Completed
1697,383,23,2,2025-01-18,11:45,12:38,13:02,13:32,Completed
1698,102,2,6,2025-01-10,15:15,15:10,15:46,16:18,Completed
1699,341,12,5,2025-06-16,13:45,13:40,14:00,14:39,Completed
1700,432,4,5,2025-06-02,16:00,16:12,16:42,17:23,Completed
1701,283,24,4,2025-03-29,09:00,09:35,09:50,10:19,Completed
1702,218,10,4,2025-01-10,09:00,09:33,09:41,10:07,Completed
1703,79,9,6,2025-03-29,14:00,14:41,14:45,15:26,Completed
1704,154,14,4,2025-01-06,08:30,,,,Cancelled
1705,477,17,1,2025-06-04,09:30,09:39,09:45,10:11,Completed
1706,163,4,5,2025-02-16,11:00,11:24,11:27,11:54,Completed
1707,390,18,2,2025-05-19,09:30,10:03,10:09,10:44,Completed
1708,21,10,4,2025-04-18,09:30,09:59,10:02,10:20,Completed
1709,486,19,1,2025-01-02,09:45,09:45,10:15,10:48,Completed
1710,55,9,6,2025-02-10,16:15,16:20,16:41,17:01,Completed
1711,471,19,1,2025-06-29,09:00,09:55,10:08,10:26,Completed
1712,491,22,5,2025-05-11,11:45,11:40,12:13,12:40,Completed
1713,374,25,4,2025-02-18,15:15,15:17,15:44,16:07,Completed
1714,199,7,2,2025-05-16,12:30,,,,Cancelled
1715,148,9,6,2025-03-05,09:45,10:12,10:50,11:31,Completed
1716,59,13,6,2025-06-01,11:30,11:41,12:17,12:38,Completed
1717,298,4,5,2025-06-21,11:15,11:15,11:29,11:54,Completed
1718,375,3,6,2025-06-25,14:15,14:37,14:54,15:11,Completed
1719,334,7,2,2025-01-29,08:45,08:53,09:14,09:37,Completed
1720,76,24,4,2025-06-15,09:30,10:06,10:32,11:06,Completed
1721,349,9,6,2025-04-24,11:15,11:36,12:00,12:32,Completed
1722,341,22,5,2025-03-04,15:45,16:15,16:42,16:55,Completed
1723,222,15,5,2025-02-10,08:00,08:53,09:26,09:54,Completed
1724,57,10,4,2025-02-06,12:30,12:47,13:14,13:24,Completed
1725,391,17,1,2025-01-17,15:30,16:03,16:17,16:55,Completed
1726,443,9,6,2025-05-03,14:30,14:45,15:15,15:39,Completed
1727,69,1,1,2025-03-02,15:45,16:08,16:43,17:25,Completed
1728,75,4,5,2025-03-10,13:30,13:37,13:54,14:37,Completed
1729,383,13,6,2025-01-06,09:00,09:25,09:43,10:09,Completed
1730,388,22,5,2025-05-23,16:15,17:13,17:46,17:56,Completed
1731,11,11,4,2025-06-26,16:45,17:23,17:23,18:03,Completed
1732,56,24,4,2025-03-20,14:30,14:59,15:36,15:58,Completed
1733,343,20,5,2025-05-25,13:00,,,,Cancelled
1734,167,2,6,2025-03-28,13:45,14:10,14:44,15:15,Completed
1735,221,18,2,2025-01-05,09:00,,,,Cancelled
1736,105,15,5,2025-04-16,16:00,16:08,16:43,17:21,Completed
1737,114,24,4,2025-02-24,11:30,11:37,11:39,12:05,Completed
1738,301,14,4,2025-01-31,12:45,,,,Cancelled
1739,314,4,5,2025-01-24,12:15,12:15,12:45,13:12,Completed
1740,337,25,4,2025-06-28,08:45,09:07,09:33,10:04,Completed
1741,258,19,1,2025-02-28,12:00,12:49,13:11,13:43,Completed
1742,285,23,2,2025-02-12,08:00,07:57,08:14,08:36,Completed
1743,81,8,3,2025-01-12,10:15,10:36,10:48,11:06,Completed
1744,32,22,5,2025-04-26,11:15,11:14,11:21,11:44,Completed
1745,388,25,4,2025-03-18,14:15,14:18,14:28,15:08,Completed
1746,88,12,5,2025-01-09,16:15,17:03,17:09,17:24,Completed
1747,109,3,6,2025-02-09,14:00,14:50,15:04,15:24,Completed
1748,267,23,2,2025-05-23,16:30,17:22,17:32,18:16,Completed
1749,111,15,5,2025-04-19,10:45,11:15,11:35,12:01,Completed
1750,475,24,4,2025-01-06,11:45,12:17,12:41,13:25,Completed
1751,47,19,1,2025-01-30,10:00,10:24,10:58,11:15,Completed
1752,203,21,2,2025-05-29,10:00,10:18,10:52,11:16,Completed
1753,124,2,6,2025-05-11,16:00,16:25,16:59,17:44,Completed
1754,269,18,2,2025-01-24,12:30,13:07,13:42,14:00,Completed
1755,23,14,4,2025-05-06,11:15,11:38,12:18,12:33,Completed
1756,320,15,5,2025-01-19,14:00,14:36,15:05,15:25,Completed
1757,434,11,4,2025-01-08,08:00,07:58,07:59,08:10,Completed
1758,85,25,4,2025-06-13,09:00,09:19,09:49,10:05,Completed
1759,458,18,2,2025-06-15,13:00,12:58,13:07,13:39,Completed
1760,345,4,5,2025-05-10,12:30,12:58,13:08,13:23,Completed
1761,76,20,5,2025-06-21,16:45,,,,Cancelled
1762,40,5,4,2025-02-14,12:00,12:35,12:59,13:39,Completed
1763,223,15,5,2025-01-07,08:00,07:55,08:11,08:36,Completed
1764,326,11,4,2025-01-23,13:30,13:44,14:09,14:43,Completed
1765,121,14,4,2025-02-08,12:15,12:51,13:14,13:27,Completed
1766,421,6,6,2025-05-28,14:00,14:00,14:40,15:20,Completed
1767,107,8,3,2025-04-16,16:45,17:25,17:26,18:09,Completed
1768,34,2,6,2025-03-10,08:00,08:45,09:01,09:44,Completed
1769,285,17,1,2025-01-02,12:30,12:47,13:22,14:02,Completed
1770,477,8,3,2025-05-13,11:45,12:04,12:37,12:51,Completed
1771,125,5,4,2025-06-22,09:15,10:01,10:40,11:08,Completed
1772,268,19,1,2025-06-15,12:45,13:18,13:28,13:39,Completed
1773,215,25,4,2025-02-03,13:45,,,,No Show
1774,129,3,6,2025-04-29,08:45,09:17,09:57,10:31,Completed
1775,485,25,4,2025-04-06,12:00,12:18,12:43,13:07,Completed
1776,189,11,4,2025-05-20,10:30,10:49,10:50,11:05,Completed
1777,158,14,4,2025-03-13,12:00,12:23,12:29,13:02,Completed
1778,358,17,1,2025-05-13,10:30,11:07,11:15,11:54,Completed
1779,357,2,6,2025-06-22,13:00,,,,No Show
1780,150,8,3,2025-02-22,11:15,11:55,12:07,12:50,Completed
1781,162,23,2,2025-02-01,14:15,14:28,14:34,14:49,Completed
1782,308,15,5,2025-05-15,15:00,15:01,15:39,16:01,Completed
1783,47,21,2,2025-06-23,11:45,12:07,12:15,12:50,Completed
1784,116,2,6,2025-04-15,08:00,08:05,08:44,09:26,Completed
1785,493,11,4,2025-04-10,09:45,10:44,11:10,11:55,Completed
1786,269,1,1,2025-01-03,10:15,10:13,10:14,10:30,Completed
1787,213,4,5,2025-05-21,10:00,10:26,10:50,11:21,Completed
1788,360,16,3,2025-03-09,12:00,12:48,12:48,13:11,Completed
1789,313,12,5,2025-02-04,08:00,08:34,09:12,09:26,Completed
1790,446,17,1,2025-06-13,12:00,12:32,12:46,13:10,Completed
1791,245,11,4,2025-01-07,10:45,,,,Cancelled
1792,311,20,5,2025-05-10,10:00,10:25,10:53,11:20,Completed
1793,215,3,6,2025-01-24,12:00,12:32,12:40,13:23,Completed
1794,482,24,4,2025-01-11,13:00,,,,Cancelled
1795,220,14,4,2025-01-12,16:00,16:09,16:17,16:54,Completed
1796,10,2,6,2025-02-19,08:15,,,,Cancelled
1797,46,25,4,2025-01-07,14:15,,,,Cancelled
1798,109,4,5,2025-02-14,11:30,12:08,12:30,12:43,Completed
1799,261,18,2,2025-02-16,14:00,14:57,15:37,16:18,Completed
1800,288,21,2,2025-02-06,11:30,12:02,12:04,12:21,Completed
1801,459,18,2,2025-01-02,16:45,17:04,17:25,17:54,Completed
1802,442,22,5,2025-05-21,16:15,17:02,17:04,17:27,Completed
1803,192,20,5,2025-02-01,08:00,08:42,09:10,09:21,Completed
1804,25,17,1,2025-04-05,09:30,,,,Cancelled
1805,366,15,5,2025-03-07,10:45,,,,Cancelled
1806,337,10,4,2025-05-22,15:00,15:32,15:41,16:25,Completed
1807,297,13,6,2025-06-13,11:15,11:52,12:28,12:44,Completed
1808,396,17,1,2025-03-21,11:15,11:34,11:40,12:01,Completed
1809,414,8,3,2025-03-17,10:45,,,,No Show
1810,29,14,4,2025-06-09,08:45,08:59,09:24,09:41,Completed
1811,214,1,1,2025-06-14,15:15,,,,Cancelled
1812,371,8,3,2025-05-14,11:30,12:11,12:26,13:09,Completed
1813,460,18,2,2025-01-05,12:00,,,,No Show
1814,462,23,2,2025-05-25,14:30,14:28,15:03,15:22,Completed
1815,391,12,5,2025-05-20,10:45,11:14,11:19,12:04,Completed
1816,194,12,5,2025-04-15,09:15,09:11,09:46,10:26,Completed
1817,51,22,5,2025-06-25,10:15,,,,No Show
1818,385,4,5,2025-03-06,11:30,12:16,12:50,13:09,Completed
1819,408,25,4,2025-03-21,16:30,16:30,16:31,16:51,Completed
1820,115,1,1,2025-01-02,16:45,,,,No Show
1821,60,25,4,2025-04-10,16:15,16:19,16:24,16:46,Completed
1822,172,1,1,2025-01-13,09:45,09:47,10:26,10:53,Completed
1823,323,20,5,2025-01-19,13:00,,,,Cancelled
1824,268,7,2,2025-05-30,15:45,15:58,16:01,16:34,Completed
1825,144,9,6,2025-01-05,15:45,16:36,17:14,17:42,Completed
1826,30,23,2,2025-04-25,10:45,11:32,11:40,11:58,Completed
1827,285,3,6,2025-05-06,15:45,15:46,15:56,16:10,Completed
1828,135,1,1,2025-04-12,16:30,16:33,16:45,17:07,Completed
1829,119,3,6,2025-02-03,13:30,,,,Cancelled
1830,206,4,5,2025-04-30,16:00,16:54,16:54,17:17,Completed
1831,461,6,6,2025-06-23,09:00,09:15,09:15,09:49,Completed
1832,385,14,4,2025-03-02,16:30,16:41,17:10,17:51,Completed
1833,500,12,5,2025-04-07,09:15,,,,Cancelled
1834,280,10,4,2025-03-20,12:00,12:16,12:53,13:23,Completed
1835,443,13,6,2025-03-17,16:00,16:07,16:34,17:01,Completed
1836,28,8,3,2025-04-26,11:30,11:38,12:03,12:43,Completed
1837,475,5,4,2025-04-29,15:15,15:33,15:37,15:47,Completed
1838,328,3,6,2025-05-06,16:15,16:23,17:03,17:25,Completed
1839,477,14,4,2025-02-13,16:30,17:27,18:05,18:43,Completed
1840,219,8,3,2025-05-19,11:00,12:00,12:11,12:55,Completed
1841,164,14,4,2025-01-08,13:15,14:07,14:08,14:49,Completed
1842,302,18,2,2025-06-12,14:45,14:55,15:24,16:04,Completed
1843,207,16,3,2025-03-02,14:15,14:11,14:34,14:44,Completed
1844,74,3,6,2025-06-18,10:15,10:38,11:18,11:50,Completed
1845,82,3,6,2025-04-11,13:00,,,,Cancelled
1846,352,9,6,2025-04-14,10:00,10:17,10:21,10:39,Completed
1847,204,15,5,2025-06-02,08:30,08:55,09:22,10:06,Completed
1848,280,1,1,2025-02-10,10:00,10:37,10:39,11:03,Completed
1849,278,14,4,2025-06-03,12:30,12:41,13:00,13:31,Completed
1850,313,17,1,2025-05-22,09:00,09:31,09:53,10:31,Completed
1851,260,15,5,2025-01-10,15:00,,,,Cancelled
1852,206,15,5,2025-04-10,15:15,15:33,15:34,16:12,Completed
1853,400,3,6,2025-06-07,09:45,10:43,11:22,12:06,Completed
1854,278,5,4,2025-06-09,14:45,14:59,15:07,15:37,Completed
1855,101,16,3,2025-01-10,16:30,16:25,16:50,17:11,Completed
1856,406,8,3,2025-04-05,08:30,08:28,08:51,09:25,Completed
1857,318,11,4,2025-06-25,15:00,14:58,15:05,15:25,Completed
1858,278,6,6,2025-03-29,13:30,13:57,14:08,14:51,Completed
1859,304,13,6,2025-02-20,10:30,11:02,11:13,11:38,Completed
1860,69,22,5,2025-05-17,12:45,,,,No Show
1861,473,19,1,2025-01-27,13:45,14:01,14:17,14:32,Completed
1862,469,11,4,2025-02-17,16:30,17:26,17:37,18:08,Completed
1863,496,19,1,2025-02-13,14:15,14:38,14:59,15:42,Completed
1864,352,12,5,2025-01-27,11:00,11:45,12:08,12:41,Completed
1865,331,16,3,2025-05-13,12:45,13:21,13:22,13:52,Completed
1866,396,22,5,2025-03-15,12:15,12:10,12:22,12:51,Completed
1867,62,22,5,2025-05-12,09:00,09:56,10:34,11:14,Completed
1868,102,17,1,2025-06-30,13:15,13:44,13:46,14:01,Completed
1869,108,13,6,2025-03-20,09:30,10:02,10:31,10:47,Completed
1870,168,7,2,2025-01-28,11:15,11:56,12:35,12:58,Completed
1871,244,24,4,2025-05-15,09:15,10:04,10:32,11:02,Completed
1872,492,20,5,2025-03-10,10:00,10:31,10:36,10:48,Completed
1873,91,15,5,2025-04-09,16:00,16:55,17:30,17:43,Completed
1874,428,5,4,2025-05-03,08:30,09:11,09:19,09:44,Completed
1875,270,18,2,2025-03-31,14:15,14:27,14:48,15:33,Completed
1876,415,25,4,2025-04-20,14:00,14:36,15:13,15:55,Completed
1877,387,15,5,2025-05-18,15:30,16:03,16:13,16:31,Completed
1878,173,17,1,2025-03-28,12:30,13:19,13:42,14:12,Completed
1879,431,20,5,2025-03-15,10:15,,,,No Show
1880,416,23,2,2025-04-20,13:00,13:12,13:12,13:24,Completed
1881,411,10,4,2025-04-06,11:15,11:19,11:34,11:52,Completed
1882,423,4,5,2025-03-25,13:00,13:21,13:21,13:51,Completed
1883,18,17,1,2025-02-22,14:15,14:22,14:40,15:09,Completed
1884,267,17,1,2025-06-07,14:45,,,,No Show
1885,354,8,3,2025-04-19,15:45,16:17,16:43,17:02,Completed
1886,67,12,5,2025-05-12,10:30,11:01,11:14,11:28,Completed
1887,413,6,6,2025-05-20,09:15,09:34,09:38,09:56,Completed
1888,74,21,2,2025-01-02,12:00,,,,Cancelled
1889,267,8,3,2025-04-17,12:45,13:00,13:13,13:58,Completed
1890,13,18,2,2025-02-12,15:45,15:51,16:20,16:41,Completed
1891,461,12,5,2025-05-03,15:30,15:58,16:21,17:06,Completed
1892,248,5,4,2025-04-08,10:00,10:36,10:45,11:00,Completed
1893,398,22,5,2025-04-27,14:15,14:23,14:48,15:01,Completed
1894,94,23,2,2025-04-23,09:45,10:02,10:06,10:45,Completed
1895,102,15,5,2025-02-25,10:00,10:36,10:47,11:08,Completed
1896,490,19,1,2025-06-07,11:45,12:01,12:07,12:44,Completed
1897,337,19,1,2025-01-20,12:15,12:28,12:43,13:03,Completed
1898,187,23,2,2025-03-04,16:15,16:50,17:25,17:54,Completed
1899,63,16,3,2025-06-15,15:45,16:08,16:18,16:53,Completed
1900,483,1,1,2025-05-27,13:30,13:57,14:33,15:14,Completed
1901,372,4,5,2025-02-16,15:45,15:40,15:51,16:12,Completed
1902,83,2,6,2025-03-26,11:45,12:43,12:50,13:13,Completed
1903,459,11,4,2025-02-05,16:15,16:26,16:35,16:46,Completed
1904,386,4,5,2025-02-04,13:45,13:46,14:21,14:43,Completed
1905,453,2,6,2025-03-09,16:45,17:39,18:12,18:54,Completed
1906,292,15,5,2025-03-31,11:30,12:30,12:52,13:13,Completed
1907,274,13,6,2025-01-16,08:15,08:12,08:29,08:58,Completed
1908,199,21,2,2025-01-21,13:00,13:53,13:57,14:29,Completed
1909,84,7,2,2025-05-27,09:00,09:14,09:50,10:10,Completed
1910,374,19,1,2025-03-31,08:00,08:33,08:45,09:25,Completed
1911,445,24,4,2025-05-11,11:00,,,,No Show
1912,43,7,2,2025-06-25,15:00,15:09,15:18,15:53,Completed
1913,78,24,4,2025-02-08,09:15,09:30,09:37,10:16,Completed
1914,386,22,5,2025-02-05,08:00,08:06,08:13,08:30,Completed
1915,54,5,4,2025-02-16,08:00,07:59,08:27,08:45,Completed
1916,339,24,4,2025-05-16,15:15,15:35,16:14,16:37,Completed
1917,293,7,2,2025-04-21,14:30,14:51,15:25,15:35,Completed
1918,234,21,2,2025-06-20,12:00,12:14,12:32,12:53,Completed
1919,146,1,1,2025-05-23,14:15,,,,No Show
1920,77,20,5,2025-03-15,14:15,14:12,14:49,15:11,Completed
1921,188,12,5,2025-04-08,09:00,09:22,09:58,10:30,Completed
1922,356,19,1,2025-05-08,08:00,08:24,08:53,09:10,Completed
1923,98,14,4,2025-04-02,16:30,17:11,17:35,18:04,Completed
1924,67,7,2,2025-01-07,12:00,,,,No Show
1925,477,2,6,2025-04-19,09:30,09:45,10:15,10:39,Completed
1926,143,2,6,2025-02-12,08:45,,,,Cancelled
1927,12,14,4,2025-02-28,10:15,10:46,11:19,11:35,Completed
1928,134,6,6,2025-06-25,08:15,08:46,08:48,09:13,Completed
1929,9,20,5,2025-04-03,14:45,,,,Cancelled
1930,158,20,5,2025-01-17,13:45,14:24,14:47,15:15,Completed
1931,89,8,3,2025-03-06,15:00,15:12,15:28,16:07,Completed
1932,57,2,6,2025-05-23,08:00,09:00,09:07,09:19,Completed
1933,413,24,4,2025-04-16,16:15,16:22,16:50,17:25,Completed
1934,483,3,6,2025-05-06,10:45,10:45,11:19,11:29,Completed
1935,416,24,4,2025-06-21,13:45,,,,Cancelled
1936,56,11,4,2025-06-30,08:45,08:50,09:02,09:44,Completed
1937,232,4,5,2025-03-05,08:45,,,,No Show
1938,417,10,4,2025-04-03,16:30,17:27,17:46,18:08,Completed
1939,90,4,5,2025-06-30,11:00,10:57,11:33,12:10,Completed
1940,273,17,1,2025-06-23,13:45,14:34,15:01,15:27,Completed
1941,105,4,5,2025-05-24,08:30,08:50,09:02,09:37,Completed
1942,415,15,5,2025-03-07,14:45,15:35,15:44,15:59,Completed
1943,33,17,1,2025-03-03,10:45,,,,No Show
1944,207,14,4,2025-04-19,09:30,10:07,10:47,10:58,Completed
1945,408,4,5,2025-01-13,15:45,16:39,16:46,17:12,Completed
1946,384,21,2,2025-03-09,11:00,11:29,12:05,12:15,Completed
1947,342,23,2,2025-01-17,13:15,13:15,13:31,14:13,Completed
1948,302,10,4,2025-06-15,15:45,16:43,17:23,17:47,Completed
1949,102,15,5,2025-06-01,15:00,15:48,16:12,16:57,Completed
1950,53,14,4,2025-04-08,09:15,,,,No Show
1951,249,16,3,2025-05-27,12:15,12:39,12:50,13:20,Completed
1952,108,24,4,2025-06-26,16:30,16:39,17:18,17:56,Completed
1953,35,23,2,2025-03-09,10:45,10:57,10:58,11:21,Completed
1954,264,15,5,2025-05-19,10:00,10:06,10:32,10:45,Completed
1955,339,22,5,2025-06-18,08:30,08:37,09:11,09:26,Completed
1956,351,23,2,2025-06-07,16:45,,,,No Show
1957,493,1,1,2025-05-18,16:30,,,,No Show
1958,476,13,6,2025-03-08,12:15,,,,Cancelled
1959,453,12,5,2025-05-14,16:15,17:06,17:38,18:11,Completed
1960,6,18,2,2025-02-14,08:00,08:28,09:02,09:14,Completed
1961,164,16,3,2025-06-20,09:15,09:34,09:58,10:13,Completed
1962,207,3,6,2025-06-15,09:15,10:15,10:46,11:13,Completed
1963,308,22,5,2025-04-19,16:15,17:09,17:34,18:14,Completed
1964,26,9,6,2025-01-12,13:15,13:25,13:41,13:56,Completed
1965,217,4,5,2025-04-01,14:00,14:58,15:33,15:58,Completed
1966,146,22,5,2025-06-26,16:15,16:52,17:16,17:48,Completed
1967,477,15,5,2025-05-29,14:15,,,,Cancelled
1968,475,14,4,2025-06-29,12:45,13:29,14:03,14:28,Completed
1969,480,20,5,2025-04-20,08:30,09:22,09:54,10:23,Completed
1970,228,1,1,2025-02-09,16:30,16:38,17:02,17:21,Completed
1971,478,12,5,2025-05-29,11:45,12:15,12:49,13:33,Completed
1972,258,19,1,2025-02-26,12:45,,,,Cancelled
1973,71,9,6,2025-04-12,15:15,16:06,16:44,16:58,Completed
1974,320,3,6,2025-01-23,12:00,12:22,12:29,12:54,Completed
1975,387,20,5,2025-06-13,10:15,11:02,11:08,11:32,Completed
1976,369,14,4,2025-01-01,13:15,13:41,13:43,14:09,Completed
1977,262,4,5,2025-04-13,13:00,13:16,13:39,14:06,Completed
1978,254,5,4,2025-03-09,09:00,,,,Cancelled
1979,357,10,4,2025-03-12,08:45,09:31,09:35,10:15,Completed
1980,248,24,4,2025-01-17,16:15,16:43,17:21,18:05,Completed
1981,280,21,2,2025-01-11,16:00,16:46,17:15,18:00,Completed
1982,140,3,6,2025-04-24,12:45,12:53,13:07,13:37,Completed
1983,471,13,6,2025-06-10,14:30,15:19,15:58,16:42,Completed
1984,469,8,3,2025-06-28,14:45,15:19,15:51,16:25,Completed
1985,353,3,6,2025-03-25,13:30,14:05,14:08,14:25,Completed
1986,70,24,4,2025-06-03,10:00,10:56,11:19,11:44,Completed
1987,196,23,2,2025-01-12,13:00,13:04,13:34,13:49,Completed
1988,373,2,6,2025-02-28,16:45,17:06,17:32,18:02,Completed
1989,500,23,2,2025-06-15,10:00,11:00,11:37,12:03,Completed
1990,307,2,6,2025-04-08,15:00,15:01,15:02,15:31,Completed
1991,153,17,1,2025-05-29,12:15,,,,No Show
1992,350,9,6,2025-05-23,14:45,15:43,16:09,16:22,Completed
1993,224,9,6,2025-02-11,08:30,09:05,09:32,10:05,Completed
1994,227,11,4,2025-05-18,08:45,09:19,09:39,10:03,Completed
1995,260,20,5,2025-01-08,14:15,14:41,15:04,15:30,Completed
1996,449,13,6,2025-02-03,10:45,11:23,11:41,11:54,Completed
1997,324,11,4,2025-06-04,13:15,13:16,13:16,13:53,Completed
1998,96,4,5,2025-02-14,10:30,,,,No Show
1999,245,23,2,2025-06-18,15:30,16:16,16:24,16:54,Completed
2000,200,1,1,2025-01-27,09:15,09:45,09:51,10:06,Completed
